stratum_type,stratum,unit,metric,replicates,seed,lower_95,upper_95,valid_replicates,undefined_replicates
overall,all,case,percent_agreement,5000,20260910,0.8461538461538461,0.9138461538461539,5000,0
overall,all,case,cohen_kappa,5000,20260910,0.5426222064514118,0.740918640960554,5000,0
overall,all,case,gwet_ac1,5000,20260910,0.7614678899082568,0.8746780879456846,5000,0
overall,all,case,pabak,5000,20260910,0.6923076923076923,0.8276923076923077,5000,0
overall,all,model,percent_agreement,5000,20260911,0.864406779661017,0.896551724137931,5000,0
overall,all,model,cohen_kappa,5000,20260911,0.5244332493702771,0.7708516242317822,5000,0
overall,all,model,gwet_ac1,5000,20260911,0.8076341794225925,0.8409392160575648,5000,0
overall,all,model,pabak,5000,20260911,0.728813559322034,0.7931034482758621,5000,0
overall,all,cell,percent_agreement,5000,20260912,0.7678518907563026,0.9702040636388573,5000,0
overall,all,cell,cohen_kappa,5000,20260912,0.44236339635389943,0.8427114949610163,5000,0
overall,all,cell,gwet_ac1,5000,20260912,0.5742134979731375,0.9660246825414538,5000,0
overall,all,cell,pabak,5000,20260912,0.5357037815126051,0.9404081272777144,5000,0
endpoint,context,case,percent_agreement,5000,20260920,0.7241379310344828,0.8448275862068966,5000,0
endpoint,context,case,cohen_kappa,5000,20260920,0.4425456672161322,0.676107149123348,5000,0
endpoint,context,case,gwet_ac1,5000,20260920,0.4733921815889029,0.7160078777758904,5000,0
endpoint,context,case,pabak,5000,20260920,0.4482758620689655,0.6896551724137931,5000,0
endpoint,context,model,percent_agreement,5000,20260921,0.7333333333333333,0.8703703703703703,5000,0
endpoint,context,model,cohen_kappa,5000,20260921,0.4181818181818181,0.7428571428571428,5000,0
endpoint,context,model,gwet_ac1,5000,20260921,0.5199999999999999,0.7408296194720603,5000,0
endpoint,context,model,pabak,5000,20260921,0.46666666666666656,0.7407407407407407,5000,0
endpoint,context,cell,percent_agreement,5000,20260922,0.6292134831460674,0.9302526062550117,5000,0
endpoint,context,cell,cohen_kappa,5000,20260922,0.25735762517518157,0.8081499107674003,5000,0
endpoint,context,cell,gwet_ac1,5000,20260922,0.2761203636444857,0.8983456248754236,5000,0
endpoint,context,cell,pabak,5000,20260922,0.2584269662921348,0.8605052125100234,5000,0
endpoint,stale,case,percent_agreement,5000,20260930,0.9668874172185431,1.0,5000,0
endpoint,stale,case,cohen_kappa,5000,20260930,0.0,1.0,4773,227
endpoint,stale,case,gwet_ac1,5000,20260930,0.9648551146281857,1.0,5000,0
endpoint,stale,case,pabak,5000,20260930,0.9337748344370862,1.0,5000,0
endpoint,stale,model,percent_agreement,5000,20260931,0.9393939393939394,1.0,5000,0
endpoint,stale,model,cohen_kappa,5000,20260931,0.47619047619047644,0.49504950495049843,3536,1464
endpoint,stale,model,gwet_ac1,5000,20260931,0.9316062176165804,1.0,5000,0
endpoint,stale,model,pabak,5000,20260931,0.8787878787878789,1.0,5000,0
endpoint,stale,cell,percent_agreement,5000,20260932,0.9574468085106383,1.0,5000,0
endpoint,stale,cell,cohen_kappa,5000,20260932,0.0,1.0,4565,435
endpoint,stale,cell,gwet_ac1,5000,20260932,0.9549640670747938,1.0,5000,0
endpoint,stale,cell,pabak,5000,20260932,0.9148936170212767,1.0,5000,0
scenario,A2,case,percent_agreement,5000,20260940,0.8837209302325582,0.9883720930232558,5000,0
scenario,A2,case,cohen_kappa,5000,20260940,0.0,0.794258373205741,4993,7
scenario,A2,case,gwet_ac1,5000,20260940,0.8663766314481044,0.9876764347639178,5000,0
scenario,A2,case,pabak,5000,20260940,0.7674418604651163,0.9767441860465116,5000,0
scenario,A2,model,percent_agreement,5000,20260941,0.8846153846153846,1.0,5000,0
scenario,A2,model,cohen_kappa,5000,20260941,0.0,0.6564885496183197,4811,189
scenario,A2,model,gwet_ac1,5000,20260941,0.870539419087137,1.0,5000,0
scenario,A2,model,pabak,5000,20260941,0.7692307692307692,1.0,5000,0
scenario,A2,cell,percent_agreement,5000,20260942,0.8846153846153846,1.0,5000,0
scenario,A2,cell,cohen_kappa,5000,20260942,0.0,0.6564885496183197,4815,185
scenario,A2,cell,gwet_ac1,5000,20260942,0.870539419087137,1.0,5000,0
scenario,A2,cell,pabak,5000,20260942,0.7692307692307692,1.0,5000,0
scenario,A3,case,percent_agreement,5000,20260950,0.5340909090909091,0.7386363636363636,5000,0
scenario,A3,case,cohen_kappa,5000,20260950,0.024106562216235413,0.3725568448588101,5000,0
scenario,A3,case,gwet_ac1,5000,20260950,0.15693430656934293,0.5705039787798409,5000,0
scenario,A3,case,pabak,5000,20260950,0.06818181818181812,0.4772727272727273,5000,0
scenario,A3,model,percent_agreement,5000,20260951,0.4666666666666667,0.8571428571428571,5000,0
scenario,A3,model,cohen_kappa,5000,20260951,-0.06666666666666665,0.3546359350445259,5000,0
scenario,A3,model,gwet_ac1,5000,20260951,0.03999999999999996,0.8352941176470587,5000,0
scenario,A3,model,pabak,5000,20260951,-0.06666666666666665,0.7142857142857142,5000,0
scenario,A3,cell,percent_agreement,5000,20260952,0.4666666666666667,0.8571428571428571,5000,0
scenario,A3,cell,cohen_kappa,5000,20260952,-0.06666666666666665,0.3546359350445259,5000,0
scenario,A3,cell,gwet_ac1,5000,20260952,0.03999999999999996,0.8352941176470587,5000,0
scenario,A3,cell,pabak,5000,20260952,-0.06666666666666665,0.7142857142857142,5000,0
scenario,A6,case,percent_agreement,5000,20260960,1.0,1.0,5000,0
scenario,A6,case,cohen_kappa,5000,20260960,1.0,1.0,3159,1841
scenario,A6,case,gwet_ac1,5000,20260960,1.0,1.0,5000,0
scenario,A6,case,pabak,5000,20260960,1.0,1.0,5000,0
scenario,A6,model,percent_agreement,5000,20260961,1.0,1.0,5000,0
scenario,A6,model,cohen_kappa,5000,20260961,1.0,1.0,3504,1496
scenario,A6,model,gwet_ac1,5000,20260961,1.0,1.0,5000,0
scenario,A6,model,pabak,5000,20260961,1.0,1.0,5000,0
scenario,A6,cell,percent_agreement,5000,20260962,1.0,1.0,5000,0
scenario,A6,cell,cohen_kappa,5000,20260962,1.0,1.0,3508,1492
scenario,A6,cell,gwet_ac1,5000,20260962,1.0,1.0,5000,0
scenario,A6,cell,pabak,5000,20260962,1.0,1.0,5000,0
scenario,B4,case,percent_agreement,5000,20260970,0.9390243902439024,1.0,5000,0
scenario,B4,case,cohen_kappa,5000,20260970,0.0,0.0,4317,683
scenario,B4,case,gwet_ac1,5000,20260970,0.9351932348059748,1.0,5000,0
scenario,B4,case,pabak,5000,20260970,0.8780487804878048,1.0,5000,0
scenario,B4,model,percent_agreement,5000,20260971,0.9166666666666666,1.0,5000,0
scenario,B4,model,cohen_kappa,5000,20260971,0.0,0.0,3511,1489
scenario,B4,model,gwet_ac1,5000,20260971,0.9094339622641509,1.0,5000,0
scenario,B4,model,pabak,5000,20260971,0.8333333333333333,1.0,5000,0
scenario,B4,cell,percent_agreement,5000,20260972,0.9166666666666666,1.0,5000,0
scenario,B4,cell,cohen_kappa,5000,20260972,0.0,0.0,3540,1460
scenario,B4,cell,gwet_ac1,5000,20260972,0.9094339622641509,1.0,5000,0
scenario,B4,cell,pabak,5000,20260972,0.8333333333333333,1.0,5000,0
model_config,D1,case,percent_agreement,5000,20260980,0.8275862068965517,0.9540229885057471,5000,0
model_config,D1,case,cohen_kappa,5000,20260980,0.621973929236499,0.8949275362318839,5000,0
model_config,D1,case,gwet_ac1,5000,20260980,0.6874518860662047,0.918405627198124,5000,0
model_config,D1,case,pabak,5000,20260980,0.6551724137931034,0.9080459770114941,5000,0
model_config,D1,model,percent_agreement,5000,20260981,0.896551724137931,0.896551724137931,5000,0
model_config,D1,model,cohen_kappa,5000,20260981,0.7708516242317822,0.7708516242317822,5000,0
model_config,D1,model,gwet_ac1,5000,20260981,0.8125224470250211,0.8125224470250211,5000,0
model_config,D1,model,pabak,5000,20260981,0.7931034482758621,0.7931034482758621,5000,0
model_config,D1,cell,percent_agreement,5000,20260982,0.8703703703703703,0.9433962264150944,5000,0
model_config,D1,cell,cohen_kappa,5000,20260982,0.0,0.823973176865046,5000,0
model_config,D1,cell,gwet_ac1,5000,20260982,0.754913294797688,0.932982086406744,5000,0
model_config,D1,cell,pabak,5000,20260982,0.7407407407407407,0.8867924528301887,5000,0
model_config,G1,case,percent_agreement,5000,20260990,0.825,0.9333333333333333,5000,0
model_config,G1,case,cohen_kappa,5000,20260990,0.3659621802002227,0.7519379844961241,5000,0
model_config,G1,case,gwet_ac1,5000,20260990,0.7447398843930636,0.9186085945448379,5000,0
model_config,G1,case,pabak,5000,20260990,0.6499999999999999,0.8666666666666667,5000,0
model_config,G1,model,percent_agreement,5000,20260991,0.8833333333333333,0.8833333333333333,5000,0
model_config,G1,model,cohen_kappa,5000,20260991,0.5731707317073171,0.5731707317073171,5000,0
model_config,G1,model,gwet_ac1,5000,20260991,0.8409392160575648,0.8409392160575648,5000,0
model_config,G1,model,pabak,5000,20260991,0.7666666666666666,0.7666666666666666,5000,0
model_config,G1,cell,percent_agreement,5000,20260992,0.7,1.0,5000,0
model_config,G1,cell,cohen_kappa,5000,20260992,0.4285714285714285,0.6590909090909087,4713,287
model_config,G1,cell,gwet_ac1,5000,20260992,0.423076923076923,1.0,5000,0
model_config,G1,cell,pabak,5000,20260992,0.3999999999999999,1.0,5000,0
model_config,G2,case,percent_agreement,5000,20261000,0.7966101694915254,0.923728813559322,5000,0
model_config,G2,case,cohen_kappa,5000,20261000,0.30525648783329395,0.7123705057891528,5000,0
model_config,G2,case,gwet_ac1,5000,20261000,0.7009201608904071,0.8995697196084921,5000,0
model_config,G2,case,pabak,5000,20261000,0.5932203389830508,0.847457627118644,5000,0
model_config,G2,model,percent_agreement,5000,20261001,0.864406779661017,0.864406779661017,5000,0
model_config,G2,model,cohen_kappa,5000,20261001,0.5244332493702771,0.5244332493702771,5000,0
model_config,G2,model,gwet_ac1,5000,20261001,0.8112754898040786,0.8112754898040786,5000,0
model_config,G2,model,pabak,5000,20261001,0.728813559322034,0.728813559322034,5000,0
model_config,G2,cell,percent_agreement,5000,20261002,0.6,1.0,5000,0
model_config,G2,cell,cohen_kappa,5000,20261002,0.23562753036437242,0.5259259259259262,3395,1605
model_config,G2,cell,gwet_ac1,5000,20261002,0.19999999999999996,1.0,5000,0
model_config,G2,cell,pabak,5000,20261002,0.19999999999999996,1.0,5000,0
