pair_id,scenario,policy,U,I,terminal,attempt_directory,finished_utc
FORMAL-E-005-A,E,context,True,1,agent_final,FORMAL-E-005-A/attempt-001,2026-10-07T00:28:47.446475+00:00
FORMAL-E-005-A,E,bound,True,1,agent_final,FORMAL-E-005-A/attempt-001,2026-10-07T00:28:47.446475+00:00
FORMAL-E-007-A,E,context,True,1,agent_final,FORMAL-E-007-A/attempt-001,2026-10-07T00:56:40.193162+00:00
FORMAL-E-007-A,E,bound,True,1,agent_final,FORMAL-E-007-A/attempt-001,2026-10-07T00:56:40.193162+00:00
FORMAL-E-010-A,E,context,True,1,agent_final,FORMAL-E-010-A/attempt-001,2026-10-07T01:02:24.131988+00:00
FORMAL-E-010-A,E,bound,True,1,agent_final,FORMAL-E-010-A/attempt-001,2026-10-07T01:02:24.131988+00:00
FORMAL-G-005-A,G,context,True,0,agent_final,FORMAL-G-005-A/attempt-001,2026-10-07T00:44:20.626246+00:00
FORMAL-G-005-A,G,bound,True,1,agent_final,FORMAL-G-005-A/attempt-001,2026-10-07T00:44:20.626246+00:00
FORMAL-G-008-A,G,context,True,0,agent_final,FORMAL-G-008-A/attempt-001,2026-10-07T01:13:12.863056+00:00
FORMAL-G-008-A,G,bound,True,1,agent_final,FORMAL-G-008-A/attempt-001,2026-10-07T01:13:12.863056+00:00
FORMAL-G-010-A,G,context,True,0,agent_final,FORMAL-G-010-A/attempt-001,2026-10-07T01:58:56.288185+00:00
FORMAL-G-010-A,G,bound,True,1,agent_final,FORMAL-G-010-A/attempt-001,2026-10-07T01:58:56.288185+00:00
FORMAL-G-012-A,G,context,True,0,agent_final,FORMAL-G-012-A/attempt-001,2026-10-07T00:21:52.121520+00:00
FORMAL-G-012-A,G,bound,True,1,agent_final,FORMAL-G-012-A/attempt-001,2026-10-07T00:21:52.121520+00:00
FORMAL-G-015-A,G,context,True,0,agent_final,FORMAL-G-015-A/attempt-001,2026-10-07T00:40:10.886448+00:00
FORMAL-G-015-A,G,bound,True,1,agent_final,FORMAL-G-015-A/attempt-001,2026-10-07T00:40:10.886448+00:00
FORMAL-G-016-A,G,context,True,0,agent_final,FORMAL-G-016-A/attempt-001,2026-10-07T00:49:02.765766+00:00
FORMAL-G-016-A,G,bound,True,1,agent_final,FORMAL-G-016-A/attempt-001,2026-10-07T00:49:02.765766+00:00
FORMAL-L-002-A,L,context,True,1,agent_final,FORMAL-L-002-A/attempt-001,2026-10-07T01:55:06.955348+00:00
FORMAL-L-002-A,L,bound,True,1,agent_final,FORMAL-L-002-A/attempt-001,2026-10-07T01:55:06.955348+00:00
FORMAL-L-004-A,L,context,True,1,agent_final,FORMAL-L-004-A/attempt-001,2026-10-07T01:47:34.448456+00:00
FORMAL-L-004-A,L,bound,True,1,agent_final,FORMAL-L-004-A/attempt-001,2026-10-07T01:47:34.448456+00:00
FORMAL-L-006-A,L,context,True,1,agent_final,FORMAL-L-006-A/attempt-001,2026-10-07T01:43:43.053471+00:00
FORMAL-L-006-A,L,bound,True,1,agent_final,FORMAL-L-006-A/attempt-001,2026-10-07T01:43:43.053471+00:00
FORMAL-L-010-A,L,context,False,1,runtime_error,FORMAL-L-010-A/attempt-001,2026-10-07T01:18:28.251603+00:00
FORMAL-L-010-A,L,bound,True,1,agent_final,FORMAL-L-010-A/attempt-001,2026-10-07T01:18:28.251603+00:00
FORMAL-L-018-A,L,context,True,1,agent_final,FORMAL-L-018-A/attempt-001,2026-10-07T00:50:50.661311+00:00
FORMAL-L-018-A,L,bound,True,1,agent_final,FORMAL-L-018-A/attempt-001,2026-10-07T00:50:50.661311+00:00
FORMAL-L-021-A,L,context,True,1,agent_final,FORMAL-L-021-A/attempt-001,2026-10-07T01:26:23.834682+00:00
FORMAL-L-021-A,L,bound,True,1,agent_final,FORMAL-L-021-A/attempt-001,2026-10-07T01:26:23.834682+00:00
FORMAL-L-022-A,L,context,True,1,agent_final,FORMAL-L-022-A/attempt-001,2026-10-07T00:30:40.794894+00:00
FORMAL-L-022-A,L,bound,True,1,agent_final,FORMAL-L-022-A/attempt-001,2026-10-07T00:30:40.794894+00:00
FORMAL-L-023-A,L,context,True,1,agent_final,FORMAL-L-023-A/attempt-001,2026-10-07T02:01:14.494262+00:00
FORMAL-L-023-A,L,bound,True,1,agent_final,FORMAL-L-023-A/attempt-001,2026-10-07T02:01:14.494262+00:00
FORMAL-L-024-A,L,context,True,1,agent_final,FORMAL-L-024-A/attempt-001,2026-10-07T01:08:07.833191+00:00
FORMAL-L-024-A,L,bound,True,1,agent_final,FORMAL-L-024-A/attempt-001,2026-10-07T01:08:07.833191+00:00
FORMAL-L-026-A,L,context,True,1,agent_final,FORMAL-L-026-A/attempt-001,2026-10-07T01:11:53.223273+00:00
FORMAL-L-026-A,L,bound,True,1,agent_final,FORMAL-L-026-A/attempt-001,2026-10-07T01:11:53.223273+00:00
FORMAL-N-002-A,N,context,True,1,agent_final,FORMAL-N-002-A/attempt-001,2026-10-07T01:39:34.454482+00:00
FORMAL-N-002-A,N,bound,True,1,agent_final,FORMAL-N-002-A/attempt-001,2026-10-07T01:39:34.454482+00:00
FORMAL-N-003-A,N,context,True,1,agent_final,FORMAL-N-003-A/attempt-001,2026-10-07T01:52:54.427281+00:00
FORMAL-N-003-A,N,bound,True,1,agent_final,FORMAL-N-003-A/attempt-001,2026-10-07T01:52:54.427281+00:00
FORMAL-N-004-A,N,context,True,1,agent_final,FORMAL-N-004-A/attempt-001,2026-10-07T00:18:14.961225+00:00
FORMAL-N-004-A,N,bound,True,1,agent_final,FORMAL-N-004-A/attempt-001,2026-10-07T00:18:14.961225+00:00
FORMAL-N-011-A,N,context,True,1,agent_final,FORMAL-N-011-A/attempt-001,2026-10-07T01:57:12.798921+00:00
FORMAL-N-011-A,N,bound,True,1,agent_final,FORMAL-N-011-A/attempt-001,2026-10-07T01:57:12.798921+00:00
FORMAL-N-012-A,N,context,True,1,agent_final,FORMAL-N-012-A/attempt-001,2026-10-07T00:33:06.817958+00:00
FORMAL-N-012-A,N,bound,True,1,agent_final,FORMAL-N-012-A/attempt-001,2026-10-07T00:33:06.817958+00:00
FORMAL-N-014-A,N,context,True,1,agent_final,FORMAL-N-014-A/attempt-001,2026-10-07T00:42:33.499496+00:00
FORMAL-N-014-A,N,bound,True,1,agent_final,FORMAL-N-014-A/attempt-001,2026-10-07T00:42:33.499496+00:00
FORMAL-N-017-A,N,context,True,1,agent_final,FORMAL-N-017-A/attempt-001,2026-10-07T00:58:51.070818+00:00
FORMAL-N-017-A,N,bound,True,1,agent_final,FORMAL-N-017-A/attempt-001,2026-10-07T00:58:51.070818+00:00
FORMAL-N-019-A,N,context,True,1,agent_final,FORMAL-N-019-A/attempt-001,2026-10-07T00:38:39.387567+00:00
FORMAL-N-019-A,N,bound,True,1,agent_final,FORMAL-N-019-A/attempt-001,2026-10-07T00:38:39.387567+00:00
FORMAL-N-020-A,N,context,True,1,agent_final,FORMAL-N-020-A/attempt-001,2026-10-07T02:03:47.165629+00:00
FORMAL-N-020-A,N,bound,True,1,agent_final,FORMAL-N-020-A/attempt-001,2026-10-07T02:03:47.165629+00:00
FORMAL-N-021-A,N,context,True,1,agent_final,FORMAL-N-021-A/attempt-001,2026-10-07T01:30:47.353994+00:00
FORMAL-N-021-A,N,bound,True,1,agent_final,FORMAL-N-021-A/attempt-001,2026-10-07T01:30:47.353994+00:00
FORMAL-N-023-A,N,context,True,1,agent_final,FORMAL-N-023-A/attempt-001,2026-10-07T01:06:18.902723+00:00
FORMAL-N-023-A,N,bound,True,1,agent_final,FORMAL-N-023-A/attempt-001,2026-10-07T01:06:18.902723+00:00
FORMAL-N-025-A,N,context,True,1,agent_final,FORMAL-N-025-A/attempt-001,2026-10-07T00:53:17.259470+00:00
FORMAL-N-025-A,N,bound,True,1,agent_final,FORMAL-N-025-A/attempt-001,2026-10-07T00:53:17.259470+00:00
FORMAL-N-026-A,N,context,True,1,agent_final,FORMAL-N-026-A/attempt-001,2026-10-07T02:08:18.815315+00:00
FORMAL-N-026-A,N,bound,True,1,agent_final,FORMAL-N-026-A/attempt-001,2026-10-07T02:08:18.815315+00:00
FORMAL-N-027-A,N,context,True,1,agent_final,FORMAL-N-027-A/attempt-001,2026-10-07T01:28:41.517645+00:00
FORMAL-N-027-A,N,bound,True,1,agent_final,FORMAL-N-027-A/attempt-001,2026-10-07T01:28:41.517645+00:00
FORMAL-N-031-A,N,context,True,1,agent_final,FORMAL-N-031-A/attempt-001,2026-10-07T00:20:08.495619+00:00
FORMAL-N-031-A,N,bound,True,1,agent_final,FORMAL-N-031-A/attempt-001,2026-10-07T00:20:08.495619+00:00
FORMAL-N-032-A,N,context,True,1,agent_final,FORMAL-N-032-A/attempt-001,2026-10-07T01:42:03.948964+00:00
FORMAL-N-032-A,N,bound,True,1,agent_final,FORMAL-N-032-A/attempt-001,2026-10-07T01:42:03.948964+00:00
FORMAL-R-002-A,R,context,True,1,agent_final,FORMAL-R-002-A/attempt-001,2026-10-07T01:10:05.779717+00:00
FORMAL-R-002-A,R,bound,True,1,agent_final,FORMAL-R-002-A/attempt-001,2026-10-07T01:10:05.779717+00:00
FORMAL-R-007-A,R,context,True,1,agent_final,FORMAL-R-007-A/attempt-001,2026-10-07T01:45:38.947832+00:00
FORMAL-R-007-A,R,bound,True,1,agent_final,FORMAL-R-007-A/attempt-001,2026-10-07T01:45:38.947832+00:00
FORMAL-R-009-A,R,context,True,1,agent_final,FORMAL-R-009-A/attempt-001,2026-10-07T01:04:27.728593+00:00
FORMAL-R-009-A,R,bound,True,1,agent_final,FORMAL-R-009-A/attempt-001,2026-10-07T01:04:27.728593+00:00
FORMAL-V-001-A,V,context,True,1,agent_final,FORMAL-V-001-A/attempt-001,2026-10-07T01:37:17.994158+00:00
FORMAL-V-001-A,V,bound,True,1,agent_final,FORMAL-V-001-A/attempt-001,2026-10-07T01:37:17.994158+00:00
FORMAL-V-002-A,V,context,True,1,agent_final,FORMAL-V-002-A/attempt-001,2026-10-07T00:36:08.309100+00:00
FORMAL-V-002-A,V,bound,True,1,agent_final,FORMAL-V-002-A/attempt-001,2026-10-07T00:36:08.309100+00:00
FORMAL-V-006-A,V,context,True,1,agent_final,FORMAL-V-006-A/attempt-001,2026-10-07T01:34:01.225845+00:00
FORMAL-V-006-A,V,bound,True,1,agent_final,FORMAL-V-006-A/attempt-001,2026-10-07T01:34:01.225845+00:00
FORMAL-V-007-A,V,context,True,1,agent_final,FORMAL-V-007-A/attempt-001,2026-10-07T01:50:42.895031+00:00
FORMAL-V-007-A,V,bound,True,1,agent_final,FORMAL-V-007-A/attempt-001,2026-10-07T01:50:42.895031+00:00
FORMAL-V-013-A,V,context,True,1,agent_final,FORMAL-V-013-A/attempt-001,2026-10-07T00:25:22.052554+00:00
FORMAL-V-013-A,V,bound,True,1,agent_final,FORMAL-V-013-A/attempt-001,2026-10-07T00:25:22.052554+00:00
FORMAL-V-014-A,V,context,True,1,agent_final,FORMAL-V-014-A/attempt-001,2026-10-07T01:16:35.623774+00:00
FORMAL-V-014-A,V,bound,True,1,agent_final,FORMAL-V-014-A/attempt-001,2026-10-07T01:16:35.623774+00:00
FORMAL-V-015-A,V,context,True,1,agent_final,FORMAL-V-015-A/attempt-001,2026-10-07T00:47:11.005492+00:00
FORMAL-V-015-A,V,bound,True,1,agent_final,FORMAL-V-015-A/attempt-001,2026-10-07T00:47:11.005492+00:00
