scenario,config_id,policy,planned,checkpoint_reached,event_exposure,rejection,task_completion,state_goal,runtime_failure,integrity_1,integrity_0,unknown,not_started
E,A,bound,14,14,13,12,13,13,1,14,0,0,0
E,A,context,14,14,14,14,12,12,1,14,0,0,0
G,A,bound,15,15,15,15,15,15,0,15,0,0,0
G,A,context,15,15,15,0,15,15,0,0,15,0,0
L,A,bound,29,29,0,0,29,29,0,29,0,0,0
L,A,context,29,29,0,0,28,29,1,29,0,0,0
N,A,bound,29,29,29,0,29,29,0,29,0,0,0
N,A,context,29,29,29,0,29,29,0,29,0,0,0
R,A,bound,14,14,0,0,14,14,0,14,0,0,0
R,A,context,14,14,0,0,14,14,0,14,0,0,0
V,A,bound,16,16,16,7,16,16,0,16,0,0,0
V,A,context,16,16,16,7,16,16,0,16,0,0,0
