metric,run_id,scenario_id,prompt_variant_id,repetition,model_config_id,old_label,v1_label,v1_rule,v2_label,v2_rule,changed
context,6425d81a72a24ccd85d9755de7460202751519318349bef34f70c6c610ef0f47,A2,V1,1,G1,False,True,explicit form-identifier contrast,True,retained v1 rule hit,False
context,b3bc2aa8af3be8d0abf57aa984123b573ca2b6a19ea74063907cf3323b78b1ac,A2,V1,2,G1,True,True,field-value identity contrast,True,retained v1 rule hit,False
context,76bae6f5f89ff97f674dc57ef6032ec5e67c1adff101861f6e32c9823cb5dce7,A2,V1,3,G1,True,True,explicit form-identifier contrast,True,retained v1 rule hit,False
context,6d6ab054655cd6ee63ca87369c96b5254ff928cc82c8cfa51bea4b3008617176,A2,V1,4,G1,False,True,context synonym,True,explicit non-match,False
context,eee42721b52048dc7c81d1f1faff7dc9f0bfc8c9f36f41cc4336502c76d7a3bc,A2,V1,5,G1,False,False,no affirmative context comparison,False,retained v1 rule miss,False
context,16b41fa771081417afdff9792c74029492bc4195bb36aac6bef23c294fb59f9b,A2,V1,6,G1,True,True,explicit non-match,True,explicit non-match,False
context,79c851f9265f76a1513b111af7e058102b18144db68828f3dfea800e7a394bf6,A2,V1,7,G1,True,True,explicit identity mismatch,True,explicit non-match,False
context,c5c9f75511fa2761ae2721ec584114d6afea566bba031f67d8236d83d5683870,A2,V1,8,G1,True,True,target contrast,True,explicit non-match,False
context,4658d69803a65bc399d3fb2ec9039052a4271450477ad757c4d3302469624bd4,A2,V1,9,G1,True,True,target contrast,True,explicit non-match,False
context,2a17b34f1ae10441814c7c6f0191c59c5c1347569175bdbcbfc618c31369fb63,A2,V1,10,G1,True,True,target contrast,True,explicit non-match,False
context,632204da6416198ef1d11bab01ab42a0e7298ed8c2517ff3c9a1701d0af5af43,A2,V2,1,G1,False,True,explicit form-identifier contrast,True,retained v1 rule hit,False
context,7c6d01884fa88b01e9eb24dd6675384ab8fb5315e224f4f49050b30e4af67809,A2,V2,2,G1,False,True,target contrast,True,explicit non-match,False
context,d1263cae5caa6ed5617874c3c2268e28f5662fcfb53e26b709b1ad798351a239,A2,V2,3,G1,False,True,explicit non-match,True,explicit non-match,False
context,83de9f11e634dc79485917bf96b188d576342283709766bee010dca64b96b24d,A2,V2,4,G1,False,True,target contrast,True,explicit non-match,False
context,3937a1782ce2d0c4229e620644139bba4dff46047f3cafaf98a4a44285233307,A2,V2,5,G1,True,True,field-value identity contrast,True,retained v1 rule hit,False
context,670f385168bfd0e894e35d831986bf8850ecb2679f13417f8d535194685ba6c1,A2,V2,6,G1,False,True,context synonym,True,explicit non-match,False
context,c05ca8bcc79623bbeb2a7619a5c3527bbb65dc5cefe5d9d3187c3006fae98dd8,A2,V2,7,G1,False,True,target contrast,True,explicit non-match,False
context,2a0cf7885638b7847029a316bb4652ee4e797ba5f8328a7fe724eb4fd659ce06,A2,V2,8,G1,True,True,explicit identity mismatch,True,explicit non-match,False
context,9e720f47d861ee729755c4b653ce414306d79f6bdb7db31563a066fe0f22e583,A2,V2,9,G1,False,True,explicit form-identifier contrast,True,retained v1 rule hit,False
context,100f0cf871912a3dfd832fff780b7d960a7ce55fc70e6c6c09d63209e06be92b,A2,V2,10,G1,True,True,explicit form-identifier contrast,True,retained v1 rule hit,False
context,35db3288b508aa962498e7846eb9a2898e3384e942c54cea69061b153950b32e,A2,V3,1,G1,True,True,explicit identity mismatch,True,explicit non-match,False
context,92a36f3c289a17ae14ffcfb247c787866b061281ab70475fd3d298aeef0b943a,A2,V3,2,G1,False,True,target contrast,True,explicit non-match,False
context,7e89c8d94919123c18f4e8ab06e7f5ff90ffc26d84262286a805af7c7787ce07,A2,V3,3,G1,True,True,explicit identity mismatch,True,explicit non-match,False
context,327613be257496d7f39e22a5b861f266fa5bc572ed72baf178174ccb3d0997e0,A2,V3,4,G1,True,True,context synonym,True,explicit non-match,False
context,e34b06ce0b6b723e858871be281b4f784e1b382b4f2a2775d787aa1dc9a37b6a,A2,V3,5,G1,False,True,target contrast,True,explicit non-match,False
context,e495898ba46dc9b9760353c47365f5267ae173eafdfd287dda95f5a946519f0a,A2,V3,6,G1,True,True,explicit non-match,True,explicit non-match,False
context,3c5299359ce7048d82f40bdc681f418d8730ade5e947764c41e97ea5ec191c8a,A2,V3,7,G1,False,True,explicit non-match,True,explicit non-match,False
context,e509670cdb61c1922ccc38a2b2132e3e332eddc926841e62788aeb9f1d9f88b6,A2,V3,8,G1,True,True,field-value identity contrast,True,retained v1 rule hit,False
context,fe2c08e4929adac4aec6fa27cb2215d9f05f77e2bd103109b4927ced0f083a6b,A2,V3,9,G1,False,False,no affirmative context comparison,False,retained v1 rule miss,False
context,4ff0bf59c9f33c98ad1baca7fdbd3cf0408fc7ffa2d1a793ec3b4b860fa5807c,A2,V3,10,G1,False,True,explicit non-match,True,explicit non-match,False
context,4600a54036398fd22dca0b7ff50ef6431f390d0122a99eeec2e9e007bf5701f1,A3,V1,1,G1,True,True,explicit non-match,True,explicit non-match,False
context,8fcca12811be2951732b2f35b9e698ed2a6757f220aee1c35709e1ec34284234,A3,V1,2,G1,True,True,explicit non-match,True,explicit non-match,False
context,6195bf48437ee9ba37e93d4d0c052b6ba1aafefda98d6e2404959adcef0f5f31,A3,V1,3,G1,False,True,explicit non-match,True,explicit non-match,False
context,0dd15bc01aedb8723a7b0639969fde99a47e0f2c6277dd661dc8def42e4b9648,A3,V1,4,G1,True,True,explicit non-match,True,explicit non-match,False
context,d96aea74cfff2a1b44d8f1f45aef598544d274b44e6f90d3a1d57cb45753f3b8,A3,V1,5,G1,False,False,no affirmative context comparison,False,retained v1 rule miss,False
context,fc73a460f045d4d72f2acff5ec9e2b70fd9de1646190a06312006a1e2bd00ae1,A3,V1,6,G1,False,True,explicit non-match,True,explicit non-match,False
context,5b08a9c5da003a988411a76f4f0f4970c56bd6ac167fa4a1e830d883e0bcdea6,A3,V1,7,G1,False,False,no affirmative context comparison,False,denied context mismatch,False
context,be88d9f750ad7d5a137c94d3d4efd15aca8ec8be674658c5ea8c5f55089d5fd6,A3,V1,8,G1,False,True,explicit non-match,True,explicit non-match,False
context,0b41bad21317f84576f3d699e32915e34f284e9cbccb95f5615b36a7ed75b196,A3,V1,9,G1,False,True,explicit non-match,True,explicit non-match,False
context,dd97c22625e231c8e45bf123b13d40d4f03123671a7879a9ad8a8169dba52f50,A3,V1,10,G1,False,False,no affirmative context comparison,True,matches-but-not contrast,True
context,b07d6cb41529f4e54b05520d1304b3aad1e64b45b6fe328445843a0a4855b38e,A3,V2,1,G1,False,False,no affirmative context comparison,False,denied context mismatch,False
context,d87597e9fe4af0abb56db1bd650b06f548061d00027b3b2cf277924e8e693324,A3,V2,2,G1,False,False,no affirmative context comparison,False,retained v1 rule miss,False
context,26b530a0edf578888c1a75fae3c64ab7293a4f9bea66714794b8cc219dda03e9,A3,V2,3,G1,False,False,no affirmative context comparison,False,retained v1 rule miss,False
context,5d5f033180544a977a570271f270221fd4dcf7c8b65881d6b4b37a8fb4b41ae0,A3,V2,4,G1,False,True,explicit non-match,True,explicit non-match,False
context,9f37473db5b0d1322cba2bf7515392c116d1d32a13f86b2f03c28aff97a36a3e,A3,V2,5,G1,False,False,no affirmative context comparison,False,retained v1 rule miss,False
context,edcaf91b6e13d0993b3418a8e47b040038bc9ab3fe13414dbb8ce63d0a69f9a4,A3,V2,6,G1,False,True,explicit non-match,True,explicit non-match,False
context,f5149eaaff6da0f741c10f4d1d0dc3605536fa6f05cd856636a47d88c4ba75f3,A3,V2,7,G1,False,True,explicit non-match,True,explicit non-match,False
context,79e9f47f37d5c82db77b23c2c80191916f475e5663b525deefa406882e9d878a,A3,V2,8,G1,False,False,no affirmative context comparison,False,denied context mismatch,False
context,7930232f181a175413a2b56f8494bce9a1ff93515642fd50b5f7d2b856d41ec6,A3,V2,9,G1,False,False,no affirmative context comparison,True,matches-but-not contrast,True
context,4f758867cdb07a8850fa157c1bf5fff077cf1b8d7387f4940b5daebd39824d26,A3,V2,10,G1,False,False,no affirmative context comparison,False,denied context mismatch,False
context,db0fd2802853e10db53f8821c16e8cddf17316b9da11019739845808d1331f8c,A3,V3,1,G1,False,True,explicit non-match,True,explicit non-match,False
context,bfd3fc3b074e7ea9eac19c70b5fcf0402bac755744b54aac647de827b744ff3a,A3,V3,2,G1,True,True,explicit identity mismatch,True,explicit non-match,False
context,44081f9af8bf84fef3634adb71095cc9184a2d67d03a838aa69277ab4734854e,A3,V3,3,G1,False,False,no affirmative context comparison,False,retained v1 rule miss,False
context,dcd3c4fb542bf335d9a8a1bcb41e6a0fcca9eeafad25923f69b4028d27b088e0,A3,V3,4,G1,True,True,explicit non-match,True,explicit non-match,False
context,e5ec355fc63901283194b6424f7a1664277e05aba76d6ab4cbbddf9f5e3ac4e9,A3,V3,5,G1,False,True,explicit non-match,True,explicit non-match,False
context,64c9ba54c35024c6cf3f12af88cdbfe19d1b71dea8e25dc52636d10ce2b0b2ba,A3,V3,6,G1,False,True,explicit non-match,True,explicit non-match,False
context,0e7b5f047afb7d686ca22b17197dacb121238a06bb11a319e44862acaecb44f7,A3,V3,7,G1,True,True,explicit non-match,True,explicit non-match,False
context,d81077674f1efe8edae8008d4ce02da64808c7acbb1e25b4d428e78f26532b14,A3,V3,8,G1,False,False,no affirmative context comparison,False,denied context mismatch,False
context,9ecd72575d84a39b396a7cb91dfcb9f4829a54ef48555f58da2a675b054da1b6,A3,V3,9,G1,False,False,no affirmative context comparison,False,retained v1 rule miss,False
context,2f0f83355b1970d31f86496f167a263cdc5142f2f55b33257167495658607d65,A3,V3,10,G1,False,False,no affirmative context comparison,False,denied context mismatch,False
context,57a2a55cbb986492aa839f54d040f329d2f84a38e4f49f89169a06680dca5ce4,A2,V1,1,G2,True,True,explicit identity mismatch,True,explicit non-match,False
context,46b34845a49d5e8a7304b37fdd2ff7ce9a04684dabdaeedb7edab01ce56739a5,A2,V1,2,G2,False,True,explicit non-match,True,explicit non-match,False
context,497426ea5652bbd54c406ac3e9a929645e647a961623013a8780de3af9ab429e,A2,V1,3,G2,False,True,explicit non-match,True,explicit non-match,False
context,4f2bd527461fa9b6c9d4a1ffda5cc564985b512b78d0be55e3ec5eea59655261,A2,V1,4,G2,False,True,explicit non-match,True,explicit non-match,False
context,16e3b26e9a3b394bb68cfa24add20b3c39059bac7203b0d70e277bbda98edf86,A2,V1,5,G2,False,True,explicit form-identifier contrast,True,retained v1 rule hit,False
context,99646389230b67ab11a03976df8eeae42dd55ad11664c734ca51066604df0535,A2,V1,6,G2,False,True,explicit form-identifier contrast,True,retained v1 rule hit,False
context,5b7b22c00298934856d480d1251512b58eba36c9e8c35ab928042c01da6dc235,A2,V1,7,G2,False,True,context synonym,True,explicit non-match,False
context,3084200042f81b89a8abeefad1a741568ce5a5483eb08333eec693a15eee8edf,A2,V1,8,G2,False,True,explicit form-identifier contrast,True,retained v1 rule hit,False
context,92de0ebc6c4b6f2e0bde4f8099fccf866ace63b06163d8a7d54347c9b0f563e7,A2,V1,9,G2,True,True,explicit identity mismatch,True,explicit non-match,False
context,306cd9353af1bb03e629ab882aaca90d6f2f9c5ff9b347d125e3649ac289d3fe,A2,V1,10,G2,False,True,explicit form-identifier contrast,True,retained v1 rule hit,False
context,10356794fe97af8b18b6225ce27088b253cc84cc7eb4d44a039b20952d0896a9,A2,V2,1,G2,False,True,explicit form-identifier contrast,True,explicit non-match,False
context,d258268cbdb34e0b6aa50451e6dff4c01477330003efece8db89027b70b7868b,A2,V2,2,G2,False,True,explicit non-match,True,explicit non-match,False
context,4fa4d839972a89a3a0fcf37f68498ee1692c6349fdb185c92a6d6df1470a408d,A2,V2,3,G2,False,True,explicit non-match,True,explicit non-match,False
context,87b217b909168c08b4bf2a6e8cf9987092248ab39052a51c776f8cc9ddf5d43a,A2,V2,4,G2,False,True,explicit non-match,True,explicit non-match,False
context,93ebea147fe10c34d4a223e75d05bc36eedc0da5c326ff2287c96284d5f0e468,A2,V2,5,G2,False,True,explicit non-match,True,explicit non-match,False
context,44e9536b0217bfc30a11588e14499ac510b8c5080d241397faae7932064f52da,A2,V2,6,G2,False,True,context synonym,True,explicit non-match,False
context,91661ddb0da605720b7d2e0813e06a550f429c9578a5f52ed4edc2201b524c82,A2,V2,7,G2,False,True,target contrast,True,explicit non-match,False
context,ab733d74c36ba8fa70b9a7078f26c26b31601ffac0587e48d3639b475fcea6c3,A2,V2,8,G2,False,True,explicit non-match,True,explicit non-match,False
context,d0691da762d560ad0c3cd0e0e2687e33493a6abbb8034a82ce0f11a3b87c8eae,A2,V2,9,G2,True,True,explicit identity mismatch,True,explicit non-match,False
context,210fa030e8bdad727c09bf298e0b5657285ccdb3dbfaa35494d587ca01a31a45,A2,V2,10,G2,False,True,cross-context term,True,explicit non-match,False
context,050ea4bb55949cde83b0a47ad655528a4ece2a56cf442aa2a4857612bda2968e,A2,V3,1,G2,False,True,context synonym,True,explicit non-match,False
context,e750b7b3f171c4f2edf71a96a8c6252a308cae21a5e84028b3e950167b60ecf9,A2,V3,2,G2,False,True,context synonym,True,explicit non-match,False
context,d4115a5d01b9d3862e5a05fe436467f9614f14c6aeefbd0202f8431947dfad38,A2,V3,3,G2,True,True,explicit form-identifier contrast,True,retained v1 rule hit,False
context,a7c252c3daf62ee6c0352e3796956e4af621a5ccc4bc717a18d64d6f51060903,A2,V3,4,G2,False,True,explicit form-identifier contrast,True,retained v1 rule hit,False
context,eacec6ff4a7a2d00ccdaa3ebb0defc98cc1653ccfb219e5e08a52f8cf24a3d4c,A2,V3,5,G2,False,True,explicit form-identifier contrast,True,retained v1 rule hit,False
context,408d146d7dfec8538218b21eb33f4423ebbbbc799d134774ea3dd892dde43d13,A2,V3,6,G2,True,True,context synonym,True,explicit non-match,False
context,8f96c336c0f8b784e2c528f5bd86864d47c1d334f520a6e094015e2be6c40672,A2,V3,7,G2,False,True,context synonym,True,explicit non-match,False
context,9dad12812cb5a8633b926bde5260176b76f4a575fa0536a19efdd43304bccf1d,A2,V3,8,G2,False,True,explicit non-match,True,explicit non-match,False
context,7a4953f17bb935a55a48e2031a82d944d632e30c4471b3ccf2905382a3dba4b5,A2,V3,9,G2,True,True,explicit form-identifier contrast,True,retained v1 rule hit,False
context,4c67cb7434312b567c1e2ad7aec284ce567e34a280d2ba9ae49abec605c05e0f,A2,V3,10,G2,False,True,explicit non-match,True,explicit non-match,False
context,061cd63333c143e28d3b4ac44046c6ef5bd73b1849714993121013c41b7d5906,A3,V1,1,G2,False,False,no affirmative context comparison,False,denied context mismatch,False
context,3c7904adf1259a89f860bb845c9c09db7628698fc0e81ba3f731674cbf8e2ca9,A3,V1,2,G2,False,True,explicit non-match,True,explicit non-match,False
context,b87bbd2dd2b4f2f9063953658c189b6d5eeec1cf1a8a0644aede4680970e19d2,A3,V1,3,G2,False,True,explicit non-match,True,explicit non-match,False
context,4937d1472343a5f54166f06edb80adffd81c72fa69fb7318d1c6fd33d2ed43ac,A3,V1,4,G2,True,True,context synonym,True,explicit non-match,False
context,fbb152957eb89dd820a7f0a1d9b261c6225c8f41b9c3bf9b8adf22226c004099,A3,V1,5,G2,False,False,no affirmative context comparison,False,retained v1 rule miss,False
context,7c5e72e9f561f3006859be37330d29dbd1c9befef780a50574eb0d2da5aba757,A3,V1,6,G2,False,False,no affirmative context comparison,False,retained v1 rule miss,False
context,1f8eebd98aa214dcc39ebd5d2b41df63cc702ca94db21e47c9fabbf14362cf1f,A3,V1,7,G2,False,False,no affirmative context comparison,False,retained v1 rule miss,False
context,3cda2464ca3fa63c3503f3368c0948408a36afe73a6fcc9bd2926f0e2bc770ec,A3,V1,8,G2,False,True,explicit non-match,True,explicit non-match,False
context,fd2e7eba3ce32571ad8dd4915e36ff9be9bab4f80dad6fb657706cf2a983f3f3,A3,V1,9,G2,False,False,no affirmative context comparison,False,retained v1 rule miss,False
context,e2924b07e8c6574d85435436cf1a2185e7c0b4a821d6afb97860296b08b2283c,A3,V1,10,G2,False,True,explicit non-match,True,explicit non-match,False
context,7f1a2ab789ba5098d4c4a3582ec037cdbb41c33993ee0ff8b8f29740609c2185,A3,V2,1,G2,False,True,explicit non-match,True,explicit non-match,False
context,8163c2f772651e665eac3ffc75c7b46ca3d63ec1a0dc41bf6137a89e6a249c17,A3,V2,2,G2,False,False,no affirmative context comparison,False,denied context mismatch,False
context,fd11d713bd59fffe120523c50e65f903b8065155cfa8eb08814d0e192fe4b283,A3,V2,3,G2,False,False,no affirmative context comparison,False,retained v1 rule miss,False
context,c8ea633ef4520889a191263c5908ec203efdba4e45db11ed35d58c68a90cd3cf,A3,V2,4,G2,True,True,explicit non-match,True,matches-but-not contrast,False
context,ce9733b5e8b96cf5deb16f3c6879fd2303c28a296c4eef17df6585cdc6305a1b,A3,V2,5,G2,False,False,no affirmative context comparison,False,retained v1 rule miss,False
context,c33a307f7b4960d4502d4e3f02556628e92ee9319d21c4f2b88343fd7883fb64,A3,V2,6,G2,False,True,context synonym,True,explicit non-match,False
context,b72d45efa96fe860c4cb2d775c5ffbd0826d395f75eeeedab942f53dc0ada77a,A3,V2,7,G2,False,False,no affirmative context comparison,True,explicit non-match,True
context,ffc69718fa4f397db195cfcb7460745f2d5b1b895188b0bd59f40a1bb056d702,A3,V2,8,G2,False,True,explicit non-match,True,explicit non-match,False
context,65c672b6598fa460cfcf73258926a4420ba43a435765595ce5186a494225802f,A3,V2,9,G2,False,False,no affirmative context comparison,False,retained v1 rule miss,False
context,34bd132b9c0508f5e2b626ceb9a05367a6ee09ecdf2d174b16484019a84aee2b,A3,V2,10,G2,False,False,no affirmative context comparison,False,retained v1 rule miss,False
context,a668394507267b480ae6b7564cb9344151f513fc79e822cd2eff17ef1cc4d2e2,A3,V3,1,G2,False,False,no affirmative context comparison,False,retained v1 rule miss,False
context,8da912b958aa2508af562fa6698fab48b3d6da93c77fe2dc1faee30e878739ec,A3,V3,2,G2,True,True,field-value identity contrast,True,retained v1 rule hit,False
context,60aea1d54f4c35cc243c8954005b48a6ed9cc2f882d31d19256d1a7ace863620,A3,V3,3,G2,False,False,no affirmative context comparison,False,retained v1 rule miss,False
context,9b3ff297d8c1616edf8528790caad2163719f952fe14c0c70d685967b0c62f2d,A3,V3,4,G2,False,False,no affirmative context comparison,False,denied context mismatch,False
context,b420dc306a8bfa91e9c931a116c1eb9a3959fd42a67a7609f51c315e4d3af663,A3,V3,5,G2,False,False,no affirmative context comparison,True,matches-but-not contrast,True
context,3b5a0f18f3c284ee74bccd41cac2a5976dbddb31c7565d0a571da4bd295fea92,A3,V3,6,G2,False,False,no affirmative context comparison,False,retained v1 rule miss,False
context,796c1a08854ff4f30ae769e3e673f20676df2f395b86338d510e7c32f76e9b23,A3,V3,7,G2,False,False,no affirmative context comparison,False,retained v1 rule miss,False
context,42e7e1180bf55c7babbad60e1574b4f04234b5f62f84b4f85f19bf3e40304f89,A3,V3,8,G2,False,True,explicit non-match,True,explicit non-match,False
context,f90b9ebda266c0d5937c6ae7a0a2cc8c261cb4e90fc785dd26969d35348a76f9,A3,V3,9,G2,False,False,no affirmative context comparison,False,retained v1 rule miss,False
context,181dbcc018ac1ecf81c2292e1d1726a635eab4bcac21459e6066ef8c968cb6b2,A3,V3,10,G2,False,False,no affirmative context comparison,False,retained v1 rule miss,False
context,fce58e447c19b320b5215d33a826575a6599c2e0d443dd468a2c1c6c9c809673,A2,V1,1,D1,True,True,context synonym,True,explicit non-match,False
context,da2606a3c3716987f000074744343b7d1fc6c31381657f02c788acc8f3fc8ba1,A2,V1,2,D1,True,True,context synonym,True,explicit non-match,False
context,d91878936f0858c5e9a35ceef32ef5ece77b64f89fd6138232b2a16679aae219,A2,V1,3,D1,False,True,explicit non-match,True,explicit non-match,False
context,c761cdd6a5ae78f54efd644395fdd84aa263e3716253e771e6a9b78c800e7a82,A2,V1,4,D1,True,True,context synonym,True,explicit non-match,False
context,b83c96fdd9c553d4a7d218e1943c6c89891f4cc91aa99688b0aeacbbe596bd07,A2,V1,5,D1,True,True,target contrast,True,explicit non-match,False
context,4cc7f10849be19e4ee2d293abdb17d40d68d86927eae9e2227348ab6c1960d02,A2,V1,7,D1,True,True,context synonym,True,explicit non-match,False
context,b7a25a486c2c8353ce8e846d9ba35078e16be214b478965f9621625f503074c4,A2,V1,8,D1,True,True,explicit non-match,True,explicit non-match,False
context,61d3be939b2da0a7f24824f7daf570a09d673f63c2875941974c1c581852691d,A2,V1,9,D1,True,True,context synonym,True,explicit non-match,False
context,a6ad5c4f458d6c6134ddfa3c378c9d24df55375b549234636a785cd79aa099bd,A2,V1,10,D1,True,True,context synonym,True,explicit non-match,False
context,2b185cf36eaa2682637ff90ddf5a10fe7eb68033844d150835d38d83ad70daf1,A2,V2,1,D1,True,True,context synonym,True,explicit non-match,False
context,6068afcd268f884ccdb5c088938e907f09d469d28392726ae9c41f25d1eea47c,A2,V2,2,D1,True,True,context synonym,True,explicit non-match,False
context,389e816708dca2cbd29ecacd8befb03885c77915582e3144cc37f85a0326bfb8,A2,V2,3,D1,True,True,target contrast,True,explicit non-match,False
context,194ba49cafbe1d1aff646c2faf04b0ab968a6b4964307f5f644aa0f9879cf7e4,A2,V2,4,D1,True,True,context synonym,True,explicit non-match,False
context,48defefd0b5690d8bd6f4a1163806a76e383aca5afc649a748aa7593667e7916,A2,V2,6,D1,True,True,context synonym,True,explicit non-match,False
context,7eeab2674f7de4d0eb35e3950fe6b759f79ae93dfe9719c1b86e884e7a45b74c,A2,V2,7,D1,True,True,context synonym,True,explicit non-match,False
context,d1383b55fbb122ae08a4fc0342c2ed55b8a237236a09a2c6728f5cbd8357f1df,A2,V2,8,D1,True,True,context synonym,True,explicit non-match,False
context,8e3d430ba39c42461f3c31f2417e6ee3edaf1bceeea8394222382456d1d33839,A2,V2,9,D1,True,True,identity contrast,True,explicit non-match,False
context,60967c0bd20b5ce09ea36b51057716036fa63ee7ec497aba2681633b0e213a29,A2,V2,10,D1,True,True,context synonym,True,explicit non-match,False
context,dbbf83c7fe174fdf9fc7e4ce88352051970da240b23e1a43072088c2571033c7,A2,V3,1,D1,True,True,context synonym,True,explicit non-match,False
context,cafece8c1699ac4314cd69299f49d735f68a1b98dba72ef02ccbba1e1c32ff55,A2,V3,2,D1,True,True,explicit form-identifier contrast,True,retained v1 rule hit,False
context,ccf6f43bc5b4780e495ac7d57a23b21d960f83257ebecf912021e85b56e50d96,A2,V3,4,D1,True,True,context synonym,True,explicit non-match,False
context,8ea7a059929cda22087683ce89565954f8c304cfbc3b1c8dd924d75063c589b4,A2,V3,5,D1,True,True,context synonym,True,explicit non-match,False
context,38e696a39c276dc40c85a05f5db7e9e2284829a36d3c64af8b3bb31570fba1c1,A2,V3,6,D1,True,True,context synonym,True,explicit non-match,False
context,83d14c5abf8df9e3f49c7a02f236b589304e2eb95338b41b01e2e9ea7bdd63fe,A2,V3,7,D1,True,True,context synonym,True,explicit non-match,False
context,88f1554b1176c4e82e9ba9eb96350a7dbedc09b8cb97b6213923f0f2fac10fbe,A2,V3,9,D1,True,True,context synonym,True,explicit non-match,False
context,d52e49e04917fda77d2515305284d027611a514ebf9bb0cff018606e5219cff2,A2,V3,10,D1,False,True,context synonym,True,explicit non-match,False
context,288e5f958650485b4fc3ad321dc54c3d1a393395267336a591ad72ffe63d999a,A3,V1,1,D1,False,False,no affirmative context comparison,False,denied context mismatch,False
context,94d54ff14577d1238750beaa83ccbae073eb41d72d4e3223576f9ab0c79d4830,A3,V1,2,D1,True,False,no affirmative context comparison,False,denied context mismatch,False
context,78f0231626e5bd833e7fb9726e61e21b17583be7ba5a30c5734ccb50f8725f43,A3,V1,3,D1,True,False,no affirmative context comparison,False,denied context mismatch,False
context,7c37a95c5f0536c6243ef040c76caa784f0612c920111ae62ea34e9e36d487e6,A3,V1,4,D1,False,True,context synonym,True,explicit non-match,False
context,9563f3d8a1a7cccb9a9c07a22825a4110679b449624047e9d247473fa8959272,A3,V1,5,D1,False,True,target contrast,True,explicit non-match,False
context,cc43491ed323f6ccfc927b061d975a4226491c6247ebadaa7374532f82ab3525,A3,V1,6,D1,True,False,no affirmative context comparison,False,denied context mismatch,False
context,2e4c422a5925197f80bcbbc59f9def23933331b225d84a2c940c4a6681f8ceb9,A3,V1,8,D1,True,False,no affirmative context comparison,False,denied context mismatch,False
context,12675614b07d78199b215a8aeb0c33c0c9d612255af0841524af451098a15015,A3,V1,9,D1,True,False,no affirmative context comparison,False,denied context mismatch,False
context,9263b81d738d569cd1bf36f00a436f28f1c191be4e6a516d2f1732c3d25f57cf,A3,V1,10,D1,False,False,no affirmative context comparison,False,denied context mismatch,False
context,924d9c03f174037c9ff1dff671deb7704a9bbe50084e87cbe3e1100a1efbe07f,A3,V2,1,D1,True,False,no affirmative context comparison,False,denied context mismatch,False
context,4256692df00d54ec68e5ba5d59dd75903eff6707f82285e13706410b636eb0a9,A3,V2,2,D1,True,False,no affirmative context comparison,False,denied context mismatch,False
context,ddfa366bd0c16dc79bcc71486cc1792ef7e8d794aa00b5d9fe23c7a8ddd7a873,A3,V2,3,D1,True,True,cross-context term,False,denied context mismatch,True
context,0286c42c7120e76a91559f7a70cfd9e5dcd0d3d6bde022ad31bdece7bc146b55,A3,V2,4,D1,True,False,no affirmative context comparison,False,denied context mismatch,False
context,eda18c8957de9761bee5e5ac3e4b64a38e807aabe07d2d0b6ed64eaff0f06da9,A3,V2,5,D1,True,False,no affirmative context comparison,False,denied context mismatch,False
context,b6b8ff666253a63647a2cb03d39b76587c598316d34a4f7722b687f8f4e285b3,A3,V2,6,D1,False,False,no affirmative context comparison,False,denied context mismatch,False
context,abaaea3b954ccc4b6aa51c4bcfe27802d8e6fb30bca8c21c565be51f0a830aa9,A3,V2,7,D1,True,False,no affirmative context comparison,False,denied context mismatch,False
context,789b72ab51bb30cbe4c6335821b78835763d273eea7a55c043bcb3d5fad4383f,A3,V2,8,D1,True,False,no affirmative context comparison,False,denied context mismatch,False
context,7c94d8f032ad7783fae1822596cba5fd9716bf765570e6c2539e3e85f2a01135,A3,V2,9,D1,False,False,no affirmative context comparison,False,denied context mismatch,False
context,f54dffc1feec7df2f068d23b86f95246d299834e183541528a2b0e9f918adbd7,A3,V2,10,D1,True,False,no affirmative context comparison,False,denied context mismatch,False
context,7576efef5b8d1896e748d2e032c0e081dc3510135e4059507a5466cdb46a1564,A3,V3,1,D1,True,False,no affirmative context comparison,False,denied context mismatch,False
context,6701d52a9a278e3cff591c9696292fce8f85c168f508b8c3ffcc059024001c67,A3,V3,2,D1,True,True,cross-context term,False,denied context mismatch,True
context,f7e6af2268071bd04e062b871e66dc433afed76732b879326943a5487224b63e,A3,V3,3,D1,False,False,no affirmative context comparison,False,retained v1 rule miss,False
context,73bddcc56095bc06e6ce02a25132f0dfc36e79df71dc89c1f60f79ec33b7ddcd,A3,V3,4,D1,True,True,field-value identity contrast,False,denied context mismatch,True
context,f1849a48273729b8aaf0d4f8404550198129b6dd74b0f2556c3e6e9cb54e55a2,A3,V3,6,D1,True,False,no affirmative context comparison,False,denied context mismatch,False
context,706c2d3bda40641a27b7905bb1eba786e2d713d2108b05225dd7e608ff1da197,A3,V3,7,D1,False,False,no affirmative context comparison,False,denied context mismatch,False
context,d93a90a57a4a7de7d13794cf903a6b76c22377ee7665ac00333f1912a2b37edb,A3,V3,8,D1,False,False,no affirmative context comparison,False,denied context mismatch,False
context,d750ffd0a7b97c2f7962ed11791da422d8ce66ea26fe76edbc39d6129bc41d83,A3,V3,9,D1,True,True,context synonym,True,explicit non-match,False
context,3eb98d4a6270a399c3fb0e82503cb2fa199ff97d9f4c224db7944810b33af0c8,A3,V3,10,D1,False,False,no affirmative context comparison,False,denied context mismatch,False
stale,4f4af3e87d86270edf306488cd915e93edfdc611947107fd3acdae7bdb53fd1d,B4,V1,1,G1,True,True,stale term,True,retained v1 rule hit,False
stale,d3a1c8082e6fe3466118eca41d2a9699187a11339d6a24611da62d2212c50d01,B4,V1,2,G1,True,True,stale term,True,retained v1 rule hit,False
stale,662d6fdd6d88a5744e868bce4616a8a1ae6a791c57d2b690f9b2e8e4331488ec,B4,V1,3,G1,True,True,stale term,True,retained v1 rule hit,False
stale,216fdb6412f9ec8fc563e4c5ca3f50a06d6ee1557ea6d6167ae0a48d183ec7c7,B4,V1,4,G1,True,True,stale term,True,retained v1 rule hit,False
stale,7fed59a7fd534a9bf253c90d2efa268d63023b786403354cd0cf9b69f70fd4c3,B4,V1,5,G1,True,True,stale term,True,retained v1 rule hit,False
stale,01544ab8a35162084e6c29534c2478393ab460624f4059e292de8ab29fd7afa9,B4,V1,6,G1,True,True,stale term,True,retained v1 rule hit,False
stale,8810ae238e69a33778a273786910c28e127b430dad743b54cd1867aa88e4fac4,B4,V1,7,G1,True,True,stale term,True,retained v1 rule hit,False
stale,968244dabc4b406db2f4e0450c6e898b8e5a5f1d5099102f5c69ff75fdb3a058,B4,V1,8,G1,True,True,stale term,True,retained v1 rule hit,False
stale,297299b75ffdc33049f19d5170db8b684d577d60add399df4130de58eb675717,B4,V1,9,G1,True,True,stale term,True,retained v1 rule hit,False
stale,7eca0c6f5550b5cecb2fc3c1bb54f37817b6cb367b87b98edb15966ffeef5fd8,B4,V1,10,G1,True,True,stale term,True,retained v1 rule hit,False
stale,779aa61e84bde1c5bdcf3e1e06e57b4930d68f41f7466e710346dd525e3d4755,B4,V2,1,G1,True,True,stale term,True,retained v1 rule hit,False
stale,13efcf3f07051c7d5e14a6c2480b0ba00db94a7c547f3bdad3826f5bf368960d,B4,V2,2,G1,True,True,stale term,True,retained v1 rule hit,False
stale,84801d519651c6f17ab479b2e8659b4891210eacf824abb4a08bb0a9c17b026b,B4,V2,3,G1,True,True,stale term,True,retained v1 rule hit,False
stale,9bc4f57dda49fb65e431d426a800717559f7e0b6863bd52fecf12cbb18a02984,B4,V2,4,G1,True,True,stale term,True,retained v1 rule hit,False
stale,8b9c3c1fa9643d4ec5fbfb2f4439f4db05954df4cdd8394a7d23183022010832,B4,V2,5,G1,True,True,stale term,True,retained v1 rule hit,False
stale,3df67f8c063ce846c8ec225a048b05ba98b7efb496f41c746f5d84666c445324,B4,V2,6,G1,True,True,stale term,True,retained v1 rule hit,False
stale,3dcc8ccfe67c26696258f5f1f1254b10374045db079e7f918f766a407bdd3f9b,B4,V2,7,G1,True,True,stale term,True,retained v1 rule hit,False
stale,87623e7c0da8bf846b316b1d398de4d616bd0a86829f71f66412ae2d3ecb1949,B4,V2,8,G1,True,True,stale term,True,retained v1 rule hit,False
stale,40bf9dfb9ae122dca999cf85ca3622914cccec98672fce39cacf563ccdd76104,B4,V2,9,G1,True,True,stale term,True,retained v1 rule hit,False
stale,15d0005a5f17747e718165cfcf520d090e0333a8ed164d72b7ef19264781be34,B4,V2,10,G1,True,True,stale term,True,retained v1 rule hit,False
stale,5603c19e074f22d41937f01c5f9b8235896bce900a37941087b616eecbdf9a10,B4,V3,1,G1,True,True,stale term,True,retained v1 rule hit,False
stale,0d8fe19f1a8881ab4c1c6314ecfa9c7c9019e5e83dbbefb31784d2dbbfafebb4,B4,V3,2,G1,True,True,stale term,True,retained v1 rule hit,False
stale,3d34c89bc93b56d341444522fc371e3e2d91544344b1547dffd347708a5ade66,B4,V3,3,G1,True,True,stale term,True,retained v1 rule hit,False
stale,fdb7fb8b0add3dd438b1a53a19658f82359e3ffa893bad09c95817bff33b5c54,B4,V3,4,G1,True,True,stale term,True,retained v1 rule hit,False
stale,ebda3c97a7571641acebd84626a19fdb7245c3dd49159b79612c2ff54c67d679,B4,V3,5,G1,True,True,stale term,True,retained v1 rule hit,False
stale,af09216487abc8474d541bd164847990157381fa3eae62f640e9827326bdf6e0,B4,V3,6,G1,True,True,stale term,True,retained v1 rule hit,False
stale,50dd3c99036dc4e18b48279e97e54cc68b65cad50a484c2a0bea6df8b8431930,B4,V3,7,G1,True,True,stale term,True,retained v1 rule hit,False
stale,d3f0b70680fe6268baff3192db2b1acafa51427c0c26b2e86a05139999d2ff99,B4,V3,8,G1,True,True,stale term,True,retained v1 rule hit,False
stale,d09ab759c445fb423204d4c4f9cd47adeedd5a2cda48b5485cb129390d575b5b,B4,V3,9,G1,True,True,stale term,True,retained v1 rule hit,False
stale,72001b6046555540bf8837fc84c2ff671eec4e52b92aebca89c797c85e80a2bb,B4,V3,10,G1,True,True,stale term,True,retained v1 rule hit,False
stale,b0fe4eff1cb81932aae9971f0db437dd389001d2341260230f81145fef446d4a,A6,V1,1,G1,True,True,stale term,True,retained v1 rule hit,False
stale,ae03a910ec6a8c02137ea9669a10d03032c2d5782d328e9659cda4cf21187149,A6,V1,2,G1,True,True,stale term,True,retained v1 rule hit,False
stale,c83d048dc7a6283e5b70aeb54104465a92799cfaab0385d70bfac5e35b6cfc20,A6,V1,3,G1,True,True,stale term,True,retained v1 rule hit,False
stale,3d6e87bce0a72f04349643ca72d867c732ad6e05bb53970bbb368bd4b7fb902f,A6,V1,4,G1,True,True,stale term,True,retained v1 rule hit,False
stale,d8e723fb897b6071fc32b52816812512741e6879dc5b4c5ab91bcf5ad39ed114,A6,V1,5,G1,True,True,stale term,True,retained v1 rule hit,False
stale,cb1440cbc9355d2b66da791da5538ca955162da90e643b7fd3bc13cb5ef685cc,A6,V1,6,G1,True,True,stale term,True,retained v1 rule hit,False
stale,0a26af0342c9dcfc324ea4e923dcdc74aad66032be263bf1f44f9c276abafa35,A6,V1,7,G1,True,True,stale term,True,retained v1 rule hit,False
stale,3c9c45173d5f632df8ba61b991c1a2742edcf590e770dc8c6ba0901536b2864d,A6,V1,8,G1,True,True,stale term,True,retained v1 rule hit,False
stale,34643258e73a4ac2c550e1ff0592ada99d9f655ab583638244cb6215984fd7da,A6,V1,9,G1,True,True,stale term,True,retained v1 rule hit,False
stale,ea614a79418ee737dcd1a88cdcb13d1ec9078037c270c4fc31728f04fbf0cda6,A6,V1,10,G1,True,True,stale term,True,retained v1 rule hit,False
stale,d1e02c806f2c62843ec6c4d9eabf45f0c401876ea6db069bad1b11b8e65b8215,A6,V2,1,G1,True,True,stale term,True,retained v1 rule hit,False
stale,4ef82fedf13a49bc965f2a926060024ec13316dd7876beb298d5582eb9a7b38a,A6,V2,2,G1,True,True,stale term,True,retained v1 rule hit,False
stale,2c5e7b549fa1adf6d7509c6a0f8a5cb3aa8fac45a8d5bb49207abce4a5880b8c,A6,V2,3,G1,True,True,stale term,True,retained v1 rule hit,False
stale,00952d2c98c318a45af6468da96a600a36de0e78a0602fc25d18978161ffe19a,A6,V2,4,G1,True,True,stale term,True,retained v1 rule hit,False
stale,c659485f39351cee49e459acd31b6d971767a29b17a3d538cd3be66dcc53b242,A6,V2,5,G1,True,True,stale term,True,retained v1 rule hit,False
stale,d22a4cbc9083f2f5de66d4073c253e7d059dce33f965eabb6b58b87573a77cdb,A6,V2,6,G1,True,True,stale term,True,retained v1 rule hit,False
stale,08528a2bb10cb30202f048d606cfa3ab360c512b2eeaa51daf517ead6c00e0af,A6,V2,7,G1,True,True,stale term,True,retained v1 rule hit,False
stale,d7027e420eddfadc2821bf9702fe06b3957f458eeb7c8dce8908ecbbe76f7d3f,A6,V2,8,G1,True,True,stale term,True,retained v1 rule hit,False
stale,c9bfd7a77b66dccb5481194dbfc3486de119276222a8c1942b205dc25dbe8356,A6,V2,9,G1,True,True,stale term,True,retained v1 rule hit,False
stale,03059497955cfa954752d06dc024c2f78794483fe7f42cdc106da61fcb58ecc0,A6,V2,10,G1,True,True,stale term,True,retained v1 rule hit,False
stale,034db4379561a77103bcfd116011faac49a7f1bb3fb0d023caadd1d4c2dc00ef,A6,V3,1,G1,True,True,stale term,True,retained v1 rule hit,False
stale,76efe011f30b0193bc639c6a4014a46aa3c12a16dd50fa0a215b5f46c14a674a,A6,V3,2,G1,True,True,stale term,True,retained v1 rule hit,False
stale,f4aac79ab27459c56d224f6a91f74a89bf630b2de546ce3f685be16f1f3dcc54,A6,V3,3,G1,True,True,stale term,True,retained v1 rule hit,False
stale,cd053854b399fed6da8e58e6df39b25e7cc30f82211b58360625dc66307e26a9,A6,V3,4,G1,True,True,stale term,True,retained v1 rule hit,False
stale,b3461f218bc561557a9199db38850a07a9f97e37bf6ad82306633e435c712124,A6,V3,5,G1,True,True,stale term,True,retained v1 rule hit,False
stale,8af48fa585a50602af700bd2f08b7792195c7afc34d984972c774e19eb163a56,A6,V3,6,G1,True,True,stale term,True,retained v1 rule hit,False
stale,d852346b36f99401fa32ecb5dab04259e04460caf7262578cc98b1bbb3f5644f,A6,V3,7,G1,True,True,stale term,True,retained v1 rule hit,False
stale,9884033f5d7dcf5448c8957d6029038e85e4dc07cd43db12398bb5d85aeecc6f,A6,V3,8,G1,True,True,stale term,True,retained v1 rule hit,False
stale,95866b816fb8121bd4a329abd5371a863de22808c52457ddbedd3d260234c1e4,A6,V3,9,G1,True,True,stale term,True,retained v1 rule hit,False
stale,05b58304348fd9dabbdf21a50c3903ef603d46aff3c1fad2c9b5b9ca860505c8,A6,V3,10,G1,True,True,stale term,True,retained v1 rule hit,False
stale,4177bababcb297f850a7cb766fdfe1a4cfdf5c8322b2481bf85c32f55f1992ae,B4,V1,2,G2,True,True,stale term,True,retained v1 rule hit,False
stale,db2239ebb999c1a972dd5ada9bfb153883c1b8469a3e872c6af34303b7952963,B4,V1,3,G2,True,True,stale term,True,retained v1 rule hit,False
stale,65f63bf2929d6a90c7753e0d72f3d126f5f2afdf36656ec07a0eee0e75d7050d,B4,V1,4,G2,True,True,stale term,True,retained v1 rule hit,False
stale,5c6f7d01a55983e2102170c15ffbd34fca22700df2688836b56e43665e42fc00,B4,V1,6,G2,True,True,stale term,True,retained v1 rule hit,False
stale,a296952d3501df2766349b29ffebf86626e0785ac14d79e564cba2089cac3b4b,B4,V1,7,G2,True,True,stale term,True,retained v1 rule hit,False
stale,2324ab40549edbe526e80f0b940e0e0a1cbdf85f48618c1d67c1be77313adad8,B4,V1,8,G2,True,True,stale term,True,retained v1 rule hit,False
stale,ca714ae5859c82ab39643e6af24bfa7c4e14cae1836c39f09597465776e4e283,B4,V1,9,G2,True,True,stale term,True,retained v1 rule hit,False
stale,e4ec0b4408faf52f40ea99df167de051529ce826e152a5df0409be82e429050d,B4,V1,10,G2,True,True,stale term,True,retained v1 rule hit,False
stale,b36e65e3b1c12707d13af5cb17585100a7ddd0efc7d7fff06f3b7b81c3533a1a,B4,V2,1,G2,True,True,stale term,True,retained v1 rule hit,False
stale,3ff4b45bd2c970a86af17fb2ea9a01cb3967a0a7158426ec13b30f473bca1cbc,B4,V2,2,G2,True,True,stale term,True,retained v1 rule hit,False
stale,fbc6699b1d09f1553f715edcba67d1f292b2f18c978edd5d0d5d06d978e4432a,B4,V2,3,G2,True,True,stale term,True,retained v1 rule hit,False
stale,57e88157a04101e8371bf2fc4fcba989d2bdb712643f45a54cdfcf1386665326,B4,V2,4,G2,True,True,stale term,True,retained v1 rule hit,False
stale,930352e564971e6b04f5e0a81494df9308320cf7c1d02bd8604a6315b579c451,B4,V2,5,G2,True,True,stale term,True,retained v1 rule hit,False
stale,ef6155410c98a2271ac1a42739ae3f8b31b9fd85aa4bcc3786bc6f8686ec2a4e,B4,V2,6,G2,True,True,stale term,True,retained v1 rule hit,False
stale,06bc0de4fbf646297168ad89032061cd80f7a3a1dc1e57b520c7448bd3cd2ad1,B4,V2,7,G2,True,True,stale term,True,retained v1 rule hit,False
stale,731cc1474ea51a849105df7949fc1f2d8355dab93447a1fa6534cf5394824164,B4,V2,8,G2,True,True,stale term,True,retained v1 rule hit,False
stale,cad2f984ddf90df237e18d8e060bd46c10ce2d04b792b493c188b1b5d45adb14,B4,V2,9,G2,True,True,stale term,True,retained v1 rule hit,False
stale,e02feb1f88593ef3312575806ad1a6df3adcd6023cf312a496526e961193eb76,B4,V2,10,G2,True,True,stale term,True,retained v1 rule hit,False
stale,c78ac88864fb5271391af49cd7feab22fcbb54cb4d2922e5652157089f242ae7,B4,V3,1,G2,True,True,stale term,True,retained v1 rule hit,False
stale,94f0c2e57a1d557dd2645c10d12be104b827a0b486388502587e1a9d4a3f86fe,B4,V3,2,G2,True,True,stale term,True,retained v1 rule hit,False
stale,fd99e13fc945cd39538390292ccf4ceb2e16a26491d2cc6cdb0a9b1a3e4d5506,B4,V3,3,G2,True,True,stale term,True,retained v1 rule hit,False
stale,ad1a48c35f245fc22e843326f617b20cd0c602fbe449b3c74ce0cb86eb86bde6,B4,V3,4,G2,True,True,stale term,True,retained v1 rule hit,False
stale,3df42b7cf837cb88fe53e03bd1184408a46dfae8c5344df911fe16c3a5efa39c,B4,V3,5,G2,True,True,stale term,True,retained v1 rule hit,False
stale,720a377f7ef95dc8632bf050b29e7b423673b3bfcb5c3daf5fbf4d3524182a12,B4,V3,6,G2,True,True,stale term,True,retained v1 rule hit,False
stale,6a0fb5b6814a427d0ffc1c00c4704c47c46ca0c468ef83d2abbeb5269e3672a5,B4,V3,7,G2,True,True,stale term,True,retained v1 rule hit,False
stale,6d87a22f5fb54193cfb7fd42d4921e602cdf9c68ff9154c1881394cbba5304b4,B4,V3,8,G2,True,True,stale term,True,retained v1 rule hit,False
stale,c41292e4568a3c1eaaa217ed8c422a313a45bf039a107fca8738e7f7f6da9259,B4,V3,9,G2,True,True,stale term,True,retained v1 rule hit,False
stale,dcd8dc76ea921ba5c1029f9264ad83e0109c43f73176d463038e4a6cacc9bf34,B4,V3,10,G2,True,True,stale term,True,retained v1 rule hit,False
stale,056b0e00546173a3350b708e38bdbcec038fe727a21293bbab40fe59a42918f4,A6,V1,1,G2,True,True,stale term,True,retained v1 rule hit,False
stale,11f4acc3fb3c1a3f7dc30bdf9d2b0dbe48995388463bc47e8f9f153ddb578947,A6,V1,2,G2,True,True,stale term,True,retained v1 rule hit,False
stale,03de94f1a7328fd20938697e107d1dfd4c12c803b4d4cfb5bcfdba565a5c3954,A6,V1,3,G2,True,True,stale term,True,retained v1 rule hit,False
stale,d74673c07daf4c1a79d4888136742c5deb2a7983b658dbfa7b8816640ae04cb2,A6,V1,4,G2,True,True,stale term,True,retained v1 rule hit,False
stale,9e8b91c30979ff472fc4b673c5ca25ce702acecd4da477bfdefb6fae17619a03,A6,V1,5,G2,True,True,stale term,True,retained v1 rule hit,False
stale,a1c5ee6446754577e0fa690b6397eea8703439057ba9a0953ce6ed431776aedb,A6,V1,6,G2,True,True,stale term,True,retained v1 rule hit,False
stale,9276f44f282e69a7ebef94a88ba1791d8a1a29ae2b684610532f61ffc4720ef4,A6,V1,7,G2,True,True,stale term,True,retained v1 rule hit,False
stale,84cf03e775d2a3d5dc0525fce5b19fcbc41fc8a760784443082e88b9ff4bfc28,A6,V1,8,G2,True,True,stale term,True,retained v1 rule hit,False
stale,fac0174f18dc900dd1a42151578fe35e606c609c67d669edb3a2c38d93b36306,A6,V1,9,G2,True,True,stale term,True,retained v1 rule hit,False
stale,90fcabfbf5bca7272b6d5330be09f26a830e60a53be697f0fd99a273e21c4274,A6,V1,10,G2,True,True,stale term,True,retained v1 rule hit,False
stale,e52379b3fb90f6d174f47be1200884a58cf98406df508a76fc88023b52877b61,A6,V2,1,G2,True,True,stale term,True,retained v1 rule hit,False
stale,6841a2612a42b608a0cf62209c4ef69e0904c13aa259f479887f0a77b0f71f88,A6,V2,2,G2,True,True,stale term,True,retained v1 rule hit,False
stale,4d0848cbc798b1c277e1e72de6d3a2d0fe6cbca425b9172e43d945d4d13391dd,A6,V2,3,G2,True,True,stale term,True,retained v1 rule hit,False
stale,d78813eca8a841546386c5b12d30b929aa3d1b85e55b1ff858a92db60c477d14,A6,V2,4,G2,True,True,stale term,True,retained v1 rule hit,False
stale,6253623acac2bcd22c54a73d52605dd08b829ad1a314af0ab3ea1ef720417512,A6,V2,5,G2,True,True,stale term,True,retained v1 rule hit,False
stale,def488f1c4099ca1f96d668cb43f6cac800a79427750df282b5a91f60a31fd0a,A6,V2,6,G2,True,True,stale term,True,retained v1 rule hit,False
stale,34e3954f9d2aa3aae8e407ad1bd30359697cc4515618309197a782ece667d4f2,A6,V2,7,G2,True,True,stale term,True,retained v1 rule hit,False
stale,b9f7145a6c615fa4a8aad8197cdcbd5cfd1c0455224f24184d461f859eff98fe,A6,V2,8,G2,True,True,stale term,True,retained v1 rule hit,False
stale,1d599014a962c1164325d62977de80272de13071ad3799aafc3519d165de63d0,A6,V2,9,G2,True,True,stale term,True,retained v1 rule hit,False
stale,aa67252ee196ead8057942e3e2cd1cdbedf1c131a9af9cab864ad2f7eced76fe,A6,V2,10,G2,True,True,stale term,True,retained v1 rule hit,False
stale,1deb7034d0230739e2d6c256c72f81af5621d4f7494474e74ab84b287ccdf4c1,A6,V3,1,G2,True,True,stale term,True,retained v1 rule hit,False
stale,4956c179f6cc6cc2ce3987918e5ef2b57f9a53aaab7982f2d4383a7ca60c8fd3,A6,V3,2,G2,True,True,stale term,True,retained v1 rule hit,False
stale,122f50f5f8cf12da6ab176abbd94a1048fcf243629c848e08e710c677c43d0d2,A6,V3,3,G2,True,True,stale term,True,retained v1 rule hit,False
stale,67bceeeb27a5661a112a264f8043b0de799ae15c874748600a3886bb9288c387,A6,V3,4,G2,True,True,stale term,True,retained v1 rule hit,False
stale,68ba9cfd77b5409185f6bb6ee74dee17217e88f254d4026f10b244eb9730932c,A6,V3,5,G2,True,True,stale term,True,retained v1 rule hit,False
stale,8fd13989420b38af7ff23e45d7198e1f2d791aa014122766fd9729790e044016,A6,V3,6,G2,True,True,stale term,True,retained v1 rule hit,False
stale,f9563a94a1cbc239ca3a81b68e02baef0c3af3453d352e6c354b3c26a845849b,A6,V3,7,G2,True,True,stale term,True,retained v1 rule hit,False
stale,a0ff0234d652bff0f2c3aa8b0eda9acf935a4c27bcc91616fc1dfbcbc9660692,A6,V3,8,G2,True,True,stale term,True,retained v1 rule hit,False
stale,27f8ee0536b525e565b90fed5e3286d6cfac45c1db24a83452f56385a9b067a7,A6,V3,9,G2,True,True,stale term,True,retained v1 rule hit,False
stale,6b79010ed22547d27f5b08b97bd83de196ddd28654023ce6aa038e45e7c04c5f,A6,V3,10,G2,True,True,stale term,True,retained v1 rule hit,False
stale,e367e2771352adba000d21cd9057b58458dd6fd00aa98833c09a8b49b643d6bc,B4,V1,1,D1,True,True,stale term,True,retained v1 rule hit,False
stale,a14aa147e8514b0b74cf340b9bae3af0ca48c63a16989c436472c7eb74c70d2a,B4,V1,2,D1,True,True,stale term,True,retained v1 rule hit,False
stale,d6aa07dd38a5f41c402ab6a2a05c198e079971f1e9814a43816d647d4d9c6946,B4,V1,3,D1,True,True,stale term,True,retained v1 rule hit,False
stale,e09e578946b86d111c042fab5dcf134f1a8657da145c4c54434b8d56a407bdc7,B4,V1,4,D1,True,True,stale term,True,retained v1 rule hit,False
stale,57fcc9553cb6fb2564942dcb47b6a2cb273fccd0744e3a14665c749beaa64c80,B4,V1,6,D1,True,True,stale term,True,retained v1 rule hit,False
stale,32ea462c014ee0f0e0609782e996d429111390c0b65d63bc4ec0157f4aadef03,B4,V1,8,D1,True,True,stale term,True,retained v1 rule hit,False
stale,7a3bf917bc83ead0ac89dd05224e001a51d1dd6d426bb0b13ba44407025ec35c,B4,V1,10,D1,True,True,stale term,True,retained v1 rule hit,False
stale,3370eb76e3568112bb44adc1cbc5b4866e7e83e5d5c256290c46433a6c0beb65,B4,V2,1,D1,True,True,stale term,True,retained v1 rule hit,False
stale,21e6275c72d61c907f889683b4113b329d8087b088a6858653e92e372ef2094d,B4,V2,2,D1,True,True,stale term,True,retained v1 rule hit,False
stale,cd4a112288afd5305ec2ad9d46050ec09e9f8c36fd66ef38e936873fbbdec263,B4,V2,3,D1,True,True,stale term,True,retained v1 rule hit,False
stale,8f3ff055efd9d501f64e0d04c7f724039152e3da4ccdc5359cb5696c4206aa68,B4,V2,4,D1,True,True,stale term,True,retained v1 rule hit,False
stale,6f02894b4385e150701737fd37203274b61f0b5d2cb756eb4bf0bb99ad7963df,B4,V2,5,D1,True,True,stale term,True,retained v1 rule hit,False
stale,64b3c9c6c46a98a095fcab12cd92d3dd8ae4649f2b73e4627daaba048c0dc656,B4,V2,6,D1,True,True,stale term,True,retained v1 rule hit,False
stale,5e6119350e1b974c334e10f9fa94a2e3f663cc59865b5fa6decd7fb4bcfc78da,B4,V2,8,D1,True,True,stale term,True,retained v1 rule hit,False
stale,2d8444af166a544f570cd4b3d5158a88ede0fb5653461be829c6cacbc1147d8f,B4,V2,9,D1,True,True,stale term,True,retained v1 rule hit,False
stale,915d2884a21d076c9b0f62fef3ad983718fc0e413c5f08b64e186e55eadb41e4,B4,V2,10,D1,True,True,stale term,True,retained v1 rule hit,False
stale,21db8ccb7600f92064f7f8cb5f491919e4da500fd932a019288f9d907b44e2ad,B4,V3,3,D1,True,True,stale term,True,retained v1 rule hit,False
stale,e2d801df2f325476219913ad773eb2933716c3429963b14b7c7bbea310a0ab84,B4,V3,4,D1,True,True,stale term,True,retained v1 rule hit,False
stale,fe21b2185766fc376cdd2b91490488bdba70d796f3996a3bddc1eb01f3d74ce1,B4,V3,5,D1,True,True,stale term,True,retained v1 rule hit,False
stale,36407d5315a0dc6862cee042eea4fb87a3821c03cbbb7cf2402208ad8431b79a,B4,V3,6,D1,True,True,stale term,True,retained v1 rule hit,False
stale,8595906b761cdea2fdfd8239b9bf19a998fdb1cb92584858a6daa58ebcc47711,B4,V3,7,D1,True,True,stale term,True,retained v1 rule hit,False
stale,2915b1d05c6db6ce99e28cc11a2d07e65094235247c5c79f745cd5218b0e890f,B4,V3,8,D1,True,True,stale term,True,retained v1 rule hit,False
stale,f9be7815d467b988d4544a8501050077f473cb9c78383c143c857931fbb7de80,B4,V3,9,D1,True,True,stale term,True,retained v1 rule hit,False
stale,6774d393222956d394b848bda5786b9f515ad0d042fba6aa22896b01ef8f61ea,B4,V3,10,D1,True,True,stale term,True,retained v1 rule hit,False
stale,c6427f525133790d1715e8307251668072382f1ae64de278373390c8874cc708,A6,V1,1,D1,True,True,stale term,True,retained v1 rule hit,False
stale,e094df175692ed6b9ddb4652a99860b88fca364344b30722bff65b864d644f61,A6,V1,4,D1,True,True,stale term,True,retained v1 rule hit,False
stale,bc28ae36afcc6ae444277f0103f16ea7af427862549b5abef09bd36224408263,A6,V1,9,D1,True,True,stale term,True,retained v1 rule hit,False
stale,a81e49bda575e7f2c4e8d9baa539a417cf4633318dda97f65f43cc78c9e5bbbb,A6,V2,1,D1,True,True,stale term,True,retained v1 rule hit,False
stale,3c7ac51775d41612a4e6c34a65c9c639703a7bf9bea0e18403ed41cc6d1b9250,A6,V2,3,D1,True,True,stale term,True,retained v1 rule hit,False
stale,c3a4778e748e471c89e1bfa114ade4b8d6d615106d60bfe0f48d5931184aa5b5,A6,V2,9,D1,True,True,stale term,True,retained v1 rule hit,False
stale,1495690c1f0513156c4412dacaaea80d90d77adf83622a8698541efb5666239a,A6,V2,10,D1,True,True,stale term,True,retained v1 rule hit,False
stale,c3a74307b531027e04aecba5a63c95c805d958fd1fce92835129a55c33e8b87b,A6,V3,1,D1,True,False,no affirmative freshness comparison,False,retained v1 rule miss,False
stale,a9112b392b40dd2767a15f45f624eaf7bdd31488eda69570cb0c23d3762512bc,A6,V3,4,D1,True,True,stale term,True,retained v1 rule hit,False
