task_instance_id,scenario,config_id,policy,pair_id,transition_id,origin,same_value,same_context,same_instance,policy_admissible,A_instance_compatible,executed_substitution,source_provenance_integrity,copy_forward
FORMAL-N-004,N,A,context,FORMAL-N-004-A,transition-1,agent,True,True,True,True,True,False,True,True
FORMAL-N-004,N,A,bound,FORMAL-N-004-A,transition-1,agent,True,True,True,True,True,False,True,True
FORMAL-N-031,N,A,context,FORMAL-N-031-A,transition-1,agent,True,True,True,True,True,False,True,True
FORMAL-N-031,N,A,bound,FORMAL-N-031-A,transition-1,agent,True,True,True,True,True,False,True,True
FORMAL-G-012,G,A,context,FORMAL-G-012-A,transition-1,harness_handoff,True,True,False,True,False,True,True,True
FORMAL-G-012,G,A,bound,FORMAL-G-012-A,transition-1,agent,True,True,True,True,True,False,True,True
FORMAL-V-013,V,A,context,FORMAL-V-013-A,transition-1,agent,True,True,True,True,True,False,True,True
FORMAL-V-013,V,A,bound,FORMAL-V-013-A,transition-1,agent,True,True,True,True,True,False,True,True
FORMAL-E-005,E,A,context,FORMAL-E-005-A,transition-1,agent,True,True,True,True,True,False,True,True
FORMAL-E-005,E,A,bound,FORMAL-E-005-A,transition-1,agent,True,True,True,True,True,False,True,True
FORMAL-L-022,L,A,context,FORMAL-L-022-A,transition-1,agent,True,True,True,True,True,False,True,True
FORMAL-L-022,L,A,bound,FORMAL-L-022-A,transition-1,agent,True,True,True,True,True,False,True,True
FORMAL-N-012,N,A,context,FORMAL-N-012-A,transition-1,agent,True,True,True,True,True,False,True,True
FORMAL-N-012,N,A,bound,FORMAL-N-012-A,transition-1,agent,True,True,True,True,True,False,True,True
FORMAL-V-002,V,A,context,FORMAL-V-002-A,transition-1,agent,True,True,True,True,True,False,True,True
FORMAL-V-002,V,A,bound,FORMAL-V-002-A,transition-1,agent,True,True,True,True,True,False,True,True
FORMAL-N-019,N,A,context,FORMAL-N-019-A,transition-1,agent,True,True,True,True,True,False,True,True
FORMAL-N-019,N,A,bound,FORMAL-N-019-A,transition-1,agent,True,True,True,True,True,False,True,True
FORMAL-G-015,G,A,bound,FORMAL-G-015-A,transition-1,agent,True,True,True,True,True,False,True,True
FORMAL-G-015,G,A,context,FORMAL-G-015-A,transition-1,harness_handoff,True,True,False,True,False,True,True,True
FORMAL-N-014,N,A,context,FORMAL-N-014-A,transition-1,agent,True,True,True,True,True,False,True,True
FORMAL-N-014,N,A,bound,FORMAL-N-014-A,transition-1,agent,True,True,True,True,True,False,True,True
FORMAL-G-005,G,A,context,FORMAL-G-005-A,transition-1,harness_handoff,True,True,False,True,False,True,True,True
FORMAL-G-005,G,A,bound,FORMAL-G-005-A,transition-1,agent,True,True,True,True,True,False,True,True
FORMAL-V-015,V,A,context,FORMAL-V-015-A,transition-1,agent,True,True,True,True,True,False,True,True
FORMAL-V-015,V,A,bound,FORMAL-V-015-A,transition-1,agent,True,True,True,True,True,False,True,True
FORMAL-G-016,G,A,bound,FORMAL-G-016-A,transition-1,agent,True,True,True,True,True,False,True,True
FORMAL-G-016,G,A,context,FORMAL-G-016-A,transition-1,harness_handoff,True,True,False,True,False,True,True,True
FORMAL-L-018,L,A,bound,FORMAL-L-018-A,transition-1,agent,True,True,True,True,True,False,True,True
FORMAL-L-018,L,A,context,FORMAL-L-018-A,transition-1,agent,True,True,True,True,True,False,True,True
FORMAL-N-025,N,A,bound,FORMAL-N-025-A,transition-1,agent,True,True,True,True,True,False,True,True
FORMAL-N-025,N,A,context,FORMAL-N-025-A,transition-1,agent,True,True,True,True,True,False,True,True
FORMAL-E-007,E,A,context,FORMAL-E-007-A,transition-1,agent,True,True,True,True,True,False,True,True
FORMAL-E-007,E,A,bound,FORMAL-E-007-A,transition-1,agent,True,True,True,True,True,False,True,True
FORMAL-N-017,N,A,context,FORMAL-N-017-A,transition-1,agent,True,True,True,True,True,False,True,True
FORMAL-N-017,N,A,bound,FORMAL-N-017-A,transition-1,agent,True,True,True,True,True,False,True,True
FORMAL-E-010,E,A,bound,FORMAL-E-010-A,transition-1,agent,True,True,True,True,True,False,True,True
FORMAL-E-010,E,A,context,FORMAL-E-010-A,transition-1,agent,True,True,True,True,True,False,True,True
FORMAL-R-009,R,A,context,FORMAL-R-009-A,transition-1,agent,True,True,True,True,True,False,True,True
FORMAL-R-009,R,A,bound,FORMAL-R-009-A,transition-1,agent,True,True,True,True,True,False,True,True
FORMAL-N-023,N,A,bound,FORMAL-N-023-A,transition-1,agent,True,True,True,True,True,False,True,True
FORMAL-N-023,N,A,context,FORMAL-N-023-A,transition-1,agent,True,True,True,True,True,False,True,True
FORMAL-L-024,L,A,bound,FORMAL-L-024-A,transition-1,agent,True,True,True,True,True,False,True,True
FORMAL-L-024,L,A,context,FORMAL-L-024-A,transition-1,agent,True,True,True,True,True,False,True,True
FORMAL-R-002,R,A,bound,FORMAL-R-002-A,transition-1,agent,True,True,True,True,True,False,True,True
FORMAL-R-002,R,A,context,FORMAL-R-002-A,transition-1,agent,True,True,True,True,True,False,True,True
FORMAL-L-026,L,A,bound,FORMAL-L-026-A,transition-1,agent,True,True,True,True,True,False,True,True
FORMAL-L-026,L,A,context,FORMAL-L-026-A,transition-1,agent,True,True,True,True,True,False,True,True
FORMAL-G-008,G,A,bound,FORMAL-G-008-A,transition-1,agent,True,True,True,True,True,False,True,True
FORMAL-G-008,G,A,context,FORMAL-G-008-A,transition-1,harness_handoff,True,True,False,True,False,True,True,True
FORMAL-V-014,V,A,context,FORMAL-V-014-A,transition-1,agent,True,True,True,True,True,False,True,True
FORMAL-V-014,V,A,bound,FORMAL-V-014-A,transition-1,agent,True,True,True,True,True,False,True,True
FORMAL-L-010,L,A,bound,FORMAL-L-010-A,transition-1,agent,True,True,True,True,True,False,True,True
FORMAL-L-010,L,A,context,FORMAL-L-010-A,transition-1,agent,True,True,True,True,True,False,True,True
FORMAL-L-021,L,A,context,FORMAL-L-021-A,transition-1,agent,True,True,True,True,True,False,True,True
FORMAL-L-021,L,A,bound,FORMAL-L-021-A,transition-1,agent,True,True,True,True,True,False,True,True
FORMAL-N-027,N,A,context,FORMAL-N-027-A,transition-1,agent,True,True,True,True,True,False,True,True
FORMAL-N-027,N,A,bound,FORMAL-N-027-A,transition-1,agent,True,True,True,True,True,False,True,True
FORMAL-N-021,N,A,bound,FORMAL-N-021-A,transition-1,agent,True,True,True,True,True,False,True,True
FORMAL-N-021,N,A,context,FORMAL-N-021-A,transition-1,agent,True,True,True,True,True,False,True,True
FORMAL-V-006,V,A,bound,FORMAL-V-006-A,transition-1,agent,True,True,True,True,True,False,True,True
FORMAL-V-006,V,A,context,FORMAL-V-006-A,transition-1,agent,True,True,True,True,True,False,True,True
FORMAL-V-001,V,A,bound,FORMAL-V-001-A,transition-1,agent,True,True,True,True,True,False,True,True
FORMAL-V-001,V,A,context,FORMAL-V-001-A,transition-1,agent,True,True,True,True,True,False,True,True
FORMAL-N-002,N,A,bound,FORMAL-N-002-A,transition-1,agent,True,True,True,True,True,False,True,True
FORMAL-N-002,N,A,context,FORMAL-N-002-A,transition-1,agent,True,True,True,True,True,False,True,True
FORMAL-N-032,N,A,bound,FORMAL-N-032-A,transition-1,agent,True,True,True,True,True,False,True,True
FORMAL-N-032,N,A,context,FORMAL-N-032-A,transition-1,agent,True,True,True,True,True,False,True,True
FORMAL-L-006,L,A,bound,FORMAL-L-006-A,transition-1,agent,True,True,True,True,True,False,True,True
FORMAL-L-006,L,A,context,FORMAL-L-006-A,transition-1,agent,True,True,True,True,True,False,True,True
FORMAL-R-007,R,A,bound,FORMAL-R-007-A,transition-1,agent,True,True,True,True,True,False,True,True
FORMAL-R-007,R,A,context,FORMAL-R-007-A,transition-1,agent,True,True,True,True,True,False,True,True
FORMAL-L-004,L,A,context,FORMAL-L-004-A,transition-1,agent,True,True,True,True,True,False,True,True
FORMAL-L-004,L,A,bound,FORMAL-L-004-A,transition-1,agent,True,True,True,True,True,False,True,True
FORMAL-V-007,V,A,context,FORMAL-V-007-A,transition-1,agent,True,True,True,True,True,False,True,True
FORMAL-V-007,V,A,bound,FORMAL-V-007-A,transition-1,agent,True,True,True,True,True,False,True,True
FORMAL-N-003,N,A,context,FORMAL-N-003-A,transition-1,agent,True,True,True,True,True,False,True,True
FORMAL-N-003,N,A,bound,FORMAL-N-003-A,transition-1,agent,True,True,True,True,True,False,True,True
FORMAL-L-002,L,A,bound,FORMAL-L-002-A,transition-1,agent,True,True,True,True,True,False,True,True
FORMAL-L-002,L,A,context,FORMAL-L-002-A,transition-1,agent,True,True,True,True,True,False,True,True
FORMAL-N-011,N,A,context,FORMAL-N-011-A,transition-1,agent,True,True,True,True,True,False,True,True
FORMAL-N-011,N,A,bound,FORMAL-N-011-A,transition-1,agent,True,True,True,True,True,False,True,True
FORMAL-G-010,G,A,context,FORMAL-G-010-A,transition-1,harness_handoff,True,True,False,True,False,True,True,True
FORMAL-G-010,G,A,bound,FORMAL-G-010-A,transition-1,agent,True,True,True,True,True,False,True,True
FORMAL-L-023,L,A,bound,FORMAL-L-023-A,transition-1,agent,True,True,True,True,True,False,True,True
FORMAL-L-023,L,A,context,FORMAL-L-023-A,transition-1,agent,True,True,True,True,True,False,True,True
FORMAL-N-020,N,A,context,FORMAL-N-020-A,transition-1,agent,True,True,True,True,True,False,True,True
FORMAL-N-020,N,A,bound,FORMAL-N-020-A,transition-1,agent,True,True,True,True,True,False,True,True
FORMAL-N-026,N,A,bound,FORMAL-N-026-A,transition-1,agent,True,True,True,True,True,False,True,True
FORMAL-N-026,N,A,context,FORMAL-N-026-A,transition-1,agent,True,True,True,True,True,False,True,True
FORMAL-E-012,E,A,bound,FORMAL-E-012-A,transition-1,agent,True,True,True,True,True,False,True,True
FORMAL-E-012,E,A,context,FORMAL-E-012-A,transition-1,agent,True,True,True,True,True,False,True,True
FORMAL-N-005,N,A,bound,FORMAL-N-005-A,transition-1,agent,True,True,True,True,True,False,True,True
FORMAL-N-005,N,A,context,FORMAL-N-005-A,transition-1,agent,True,True,True,True,True,False,True,True
FORMAL-L-027,L,A,context,FORMAL-L-027-A,transition-1,agent,True,True,True,True,True,False,True,True
FORMAL-L-027,L,A,bound,FORMAL-L-027-A,transition-1,agent,True,True,True,True,True,False,True,True
FORMAL-R-014,R,A,bound,FORMAL-R-014-A,transition-1,agent,True,True,True,True,True,False,True,True
FORMAL-R-014,R,A,context,FORMAL-R-014-A,transition-1,agent,True,True,True,True,True,False,True,True
FORMAL-E-001,E,A,context,FORMAL-E-001-A,transition-1,agent,True,True,True,True,True,False,True,True
FORMAL-E-001,E,A,bound,FORMAL-E-001-A,transition-1,agent,True,True,True,True,True,False,True,True
FORMAL-L-009,L,A,bound,FORMAL-L-009-A,transition-1,agent,True,True,True,True,True,False,True,True
FORMAL-L-009,L,A,context,FORMAL-L-009-A,transition-1,agent,True,True,True,True,True,False,True,True
FORMAL-N-018,N,A,context,FORMAL-N-018-A,transition-1,agent,True,True,True,True,True,False,True,True
FORMAL-N-018,N,A,bound,FORMAL-N-018-A,transition-1,agent,True,True,True,True,True,False,True,True
FORMAL-R-010,R,A,context,FORMAL-R-010-A,transition-1,agent,True,True,True,True,True,False,True,True
FORMAL-R-010,R,A,bound,FORMAL-R-010-A,transition-1,agent,True,True,True,True,True,False,True,True
FORMAL-L-001,L,A,context,FORMAL-L-001-A,transition-1,agent,True,True,True,True,True,False,True,True
FORMAL-L-001,L,A,bound,FORMAL-L-001-A,transition-1,agent,True,True,True,True,True,False,True,True
FORMAL-L-008,L,A,bound,FORMAL-L-008-A,transition-1,agent,True,True,True,True,True,False,True,True
FORMAL-L-008,L,A,context,FORMAL-L-008-A,transition-1,agent,True,True,True,True,True,False,True,True
FORMAL-R-015,R,A,bound,FORMAL-R-015-A,transition-1,agent,True,True,True,True,True,False,True,True
FORMAL-R-015,R,A,context,FORMAL-R-015-A,transition-1,agent,True,True,True,True,True,False,True,True
FORMAL-N-029,N,A,bound,FORMAL-N-029-A,transition-1,agent,True,True,True,True,True,False,True,True
FORMAL-N-029,N,A,context,FORMAL-N-029-A,transition-1,agent,True,True,True,True,True,False,True,True
FORMAL-N-016,N,A,bound,FORMAL-N-016-A,transition-1,agent,True,True,True,True,True,False,True,True
FORMAL-N-016,N,A,context,FORMAL-N-016-A,transition-1,agent,True,True,True,True,True,False,True,True
FORMAL-N-030,N,A,context,FORMAL-N-030-A,transition-1,agent,True,True,True,True,True,False,True,True
FORMAL-N-030,N,A,bound,FORMAL-N-030-A,transition-1,agent,True,True,True,True,True,False,True,True
FORMAL-E-009,E,A,bound,FORMAL-E-009-A,transition-1,agent,True,True,True,True,True,False,True,True
FORMAL-L-030,L,A,bound,FORMAL-L-030-A,transition-1,agent,True,True,True,True,True,False,True,True
FORMAL-L-030,L,A,context,FORMAL-L-030-A,transition-1,agent,True,True,True,True,True,False,True,True
FORMAL-G-011,G,A,context,FORMAL-G-011-A,transition-1,harness_handoff,True,True,False,True,False,True,True,True
FORMAL-G-011,G,A,bound,FORMAL-G-011-A,transition-1,agent,True,True,True,True,True,False,True,True
FORMAL-L-003,L,A,bound,FORMAL-L-003-A,transition-1,agent,True,True,True,True,True,False,True,True
FORMAL-L-003,L,A,context,FORMAL-L-003-A,transition-1,agent,True,True,True,True,True,False,True,True
FORMAL-R-011,R,A,bound,FORMAL-R-011-A,transition-1,agent,True,True,True,True,True,False,True,True
FORMAL-R-011,R,A,context,FORMAL-R-011-A,transition-1,agent,True,True,True,True,True,False,True,True
FORMAL-R-008,R,A,bound,FORMAL-R-008-A,transition-1,agent,True,True,True,True,True,False,True,True
FORMAL-R-008,R,A,context,FORMAL-R-008-A,transition-1,agent,True,True,True,True,True,False,True,True
FORMAL-V-010,V,A,bound,FORMAL-V-010-A,transition-1,agent,True,True,True,True,True,False,True,True
FORMAL-V-010,V,A,context,FORMAL-V-010-A,transition-1,agent,True,True,True,True,True,False,True,True
FORMAL-L-007,L,A,context,FORMAL-L-007-A,transition-1,agent,True,True,True,True,True,False,True,True
FORMAL-L-007,L,A,bound,FORMAL-L-007-A,transition-1,agent,True,True,True,True,True,False,True,True
FORMAL-N-024,N,A,context,FORMAL-N-024-A,transition-1,agent,True,True,True,True,True,False,True,True
FORMAL-N-024,N,A,bound,FORMAL-N-024-A,transition-1,agent,True,True,True,True,True,False,True,True
FORMAL-L-032,L,A,context,FORMAL-L-032-A,transition-1,agent,True,True,True,True,True,False,True,True
FORMAL-L-032,L,A,bound,FORMAL-L-032-A,transition-1,agent,True,True,True,True,True,False,True,True
FORMAL-E-002,E,A,bound,FORMAL-E-002-A,transition-1,agent,True,True,True,True,True,False,True,True
FORMAL-E-002,E,A,context,FORMAL-E-002-A,transition-1,agent,True,True,True,True,True,False,True,True
FORMAL-N-007,N,A,bound,FORMAL-N-007-A,transition-1,agent,True,True,True,True,True,False,True,True
FORMAL-N-007,N,A,context,FORMAL-N-007-A,transition-1,agent,True,True,True,True,True,False,True,True
FORMAL-G-006,G,A,context,FORMAL-G-006-A,transition-1,harness_handoff,True,True,False,True,False,True,True,True
FORMAL-G-006,G,A,bound,FORMAL-G-006-A,transition-1,agent,True,True,True,True,True,False,True,True
FORMAL-L-028,L,A,context,FORMAL-L-028-A,transition-1,agent,True,True,True,True,True,False,True,True
FORMAL-L-028,L,A,bound,FORMAL-L-028-A,transition-1,agent,True,True,True,True,True,False,True,True
FORMAL-V-005,V,A,bound,FORMAL-V-005-A,transition-1,agent,True,True,True,True,True,False,True,True
FORMAL-V-005,V,A,context,FORMAL-V-005-A,transition-1,agent,True,True,True,True,True,False,True,True
FORMAL-L-017,L,A,bound,FORMAL-L-017-A,transition-1,agent,True,True,True,True,True,False,True,True
FORMAL-L-017,L,A,context,FORMAL-L-017-A,transition-1,agent,True,True,True,True,True,False,True,True
FORMAL-N-010,N,A,context,FORMAL-N-010-A,transition-1,agent,True,True,True,True,True,False,True,True
FORMAL-N-010,N,A,bound,FORMAL-N-010-A,transition-1,agent,True,True,True,True,True,False,True,True
FORMAL-R-006,R,A,context,FORMAL-R-006-A,transition-1,agent,True,True,True,True,True,False,True,True
FORMAL-R-006,R,A,bound,FORMAL-R-006-A,transition-1,agent,True,True,True,True,True,False,True,True
FORMAL-L-012,L,A,context,FORMAL-L-012-A,transition-1,agent,True,True,True,True,True,False,True,True
FORMAL-L-012,L,A,bound,FORMAL-L-012-A,transition-1,agent,True,True,True,True,True,False,True,True
FORMAL-R-001,R,A,context,FORMAL-R-001-A,transition-1,agent,True,True,True,True,True,False,True,True
FORMAL-R-001,R,A,bound,FORMAL-R-001-A,transition-1,agent,True,True,True,True,True,False,True,True
FORMAL-G-014,G,A,bound,FORMAL-G-014-A,transition-1,agent,True,True,True,True,True,False,True,True
FORMAL-G-014,G,A,context,FORMAL-G-014-A,transition-1,harness_handoff,True,True,False,True,False,True,True,True
FORMAL-L-016,L,A,bound,FORMAL-L-016-A,transition-1,agent,True,True,True,True,True,False,True,True
FORMAL-L-016,L,A,context,FORMAL-L-016-A,transition-1,agent,True,True,True,True,True,False,True,True
FORMAL-E-013,E,A,bound,FORMAL-E-013-A,transition-1,agent,True,True,True,True,True,False,True,True
FORMAL-E-013,E,A,context,FORMAL-E-013-A,transition-1,agent,True,True,True,True,True,False,True,True
FORMAL-G-001,G,A,bound,FORMAL-G-001-A,transition-1,agent,True,True,True,True,True,False,True,True
FORMAL-G-001,G,A,context,FORMAL-G-001-A,transition-1,harness_handoff,True,True,False,True,False,True,True,True
FORMAL-E-014,E,A,context,FORMAL-E-014-A,transition-1,agent,True,True,True,True,True,False,True,True
FORMAL-E-014,E,A,bound,FORMAL-E-014-A,transition-1,agent,True,True,True,True,True,False,True,True
FORMAL-N-009,N,A,context,FORMAL-N-009-A,transition-1,agent,True,True,True,True,True,False,True,True
FORMAL-N-009,N,A,bound,FORMAL-N-009-A,transition-1,agent,True,True,True,True,True,False,True,True
FORMAL-V-003,V,A,context,FORMAL-V-003-A,transition-1,agent,True,True,True,True,True,False,True,True
FORMAL-V-003,V,A,bound,FORMAL-V-003-A,transition-1,agent,True,True,True,True,True,False,True,True
FORMAL-V-004,V,A,bound,FORMAL-V-004-A,transition-1,agent,True,True,True,True,True,False,True,True
FORMAL-V-004,V,A,context,FORMAL-V-004-A,transition-1,agent,True,True,True,True,True,False,True,True
FORMAL-G-007,G,A,context,FORMAL-G-007-A,transition-1,harness_handoff,True,True,False,True,False,True,True,True
FORMAL-G-007,G,A,bound,FORMAL-G-007-A,transition-1,agent,True,True,True,True,True,False,True,True
FORMAL-V-008,V,A,context,FORMAL-V-008-A,transition-1,agent,True,True,True,True,True,False,True,True
FORMAL-V-008,V,A,bound,FORMAL-V-008-A,transition-1,agent,True,True,True,True,True,False,True,True
FORMAL-G-003,G,A,bound,FORMAL-G-003-A,transition-1,agent,True,True,True,True,True,False,True,True
FORMAL-G-003,G,A,context,FORMAL-G-003-A,transition-1,harness_handoff,True,True,False,True,False,True,True,True
FORMAL-V-016,V,A,bound,FORMAL-V-016-A,transition-1,agent,True,True,True,True,True,False,True,True
FORMAL-V-016,V,A,context,FORMAL-V-016-A,transition-1,agent,True,True,True,True,True,False,True,True
FORMAL-G-009,G,A,context,FORMAL-G-009-A,transition-1,harness_handoff,True,True,False,True,False,True,True,True
FORMAL-G-009,G,A,bound,FORMAL-G-009-A,transition-1,agent,True,True,True,True,True,False,True,True
FORMAL-L-019,L,A,bound,FORMAL-L-019-A,transition-1,agent,True,True,True,True,True,False,True,True
FORMAL-L-019,L,A,context,FORMAL-L-019-A,transition-1,agent,True,True,True,True,True,False,True,True
FORMAL-G-002,G,A,context,FORMAL-G-002-A,transition-1,harness_handoff,True,True,False,True,False,True,True,True
FORMAL-G-002,G,A,bound,FORMAL-G-002-A,transition-1,agent,True,True,True,True,True,False,True,True
FORMAL-E-016,E,A,bound,FORMAL-E-016-A,transition-1,agent,True,True,True,True,True,False,True,True
FORMAL-E-016,E,A,context,FORMAL-E-016-A,transition-1,agent,True,True,True,True,True,False,True,True
FORMAL-R-016,R,A,bound,FORMAL-R-016-A,transition-1,agent,True,True,True,True,True,False,True,True
FORMAL-R-016,R,A,context,FORMAL-R-016-A,transition-1,agent,True,True,True,True,True,False,True,True
FORMAL-L-014,L,A,context,FORMAL-L-014-A,transition-1,agent,True,True,True,True,True,False,True,True
FORMAL-L-014,L,A,bound,FORMAL-L-014-A,transition-1,agent,True,True,True,True,True,False,True,True
FORMAL-E-011,E,A,bound,FORMAL-E-011-A,transition-1,agent,True,True,True,True,True,False,True,True
FORMAL-E-011,E,A,context,FORMAL-E-011-A,transition-1,agent,True,True,True,True,True,False,True,True
FORMAL-N-001,N,A,bound,FORMAL-N-001-A,transition-1,agent,True,True,True,True,True,False,True,True
FORMAL-N-001,N,A,context,FORMAL-N-001-A,transition-1,agent,True,True,True,True,True,False,True,True
FORMAL-L-015,L,A,context,FORMAL-L-015-A,transition-1,agent,True,True,True,True,True,False,True,True
FORMAL-L-015,L,A,bound,FORMAL-L-015-A,transition-1,agent,True,True,True,True,True,False,True,True
FORMAL-V-011,V,A,bound,FORMAL-V-011-A,transition-1,agent,True,True,True,True,True,False,True,True
FORMAL-V-011,V,A,context,FORMAL-V-011-A,transition-1,agent,True,True,True,True,True,False,True,True
FORMAL-L-029,L,A,context,FORMAL-L-029-A,transition-1,agent,True,True,True,True,True,False,True,True
FORMAL-L-029,L,A,bound,FORMAL-L-029-A,transition-1,agent,True,True,True,True,True,False,True,True
FORMAL-R-013,R,A,bound,FORMAL-R-013-A,transition-1,agent,True,True,True,True,True,False,True,True
FORMAL-R-013,R,A,context,FORMAL-R-013-A,transition-1,agent,True,True,True,True,True,False,True,True
FORMAL-N-006,N,A,bound,FORMAL-N-006-A,transition-1,agent,True,True,True,True,True,False,True,True
FORMAL-N-006,N,A,context,FORMAL-N-006-A,transition-1,agent,True,True,True,True,True,False,True,True
FORMAL-R-005,R,A,context,FORMAL-R-005-A,transition-1,agent,True,True,True,True,True,False,True,True
FORMAL-R-005,R,A,bound,FORMAL-R-005-A,transition-1,agent,True,True,True,True,True,False,True,True
FORMAL-E-008,E,A,context,FORMAL-E-008-A,transition-1,agent,True,True,True,True,True,False,True,True
FORMAL-E-008,E,A,bound,FORMAL-E-008-A,transition-1,agent,True,True,True,True,True,False,True,True
FORMAL-E-003,E,A,bound,FORMAL-E-003-A,transition-1,agent,True,True,True,True,True,False,True,True
FORMAL-E-003,E,A,context,FORMAL-E-003-A,transition-1,agent,True,True,True,True,True,False,True,True
FORMAL-L-005,L,A,context,FORMAL-L-005-A,transition-1,agent,True,True,True,True,True,False,True,True
FORMAL-L-005,L,A,bound,FORMAL-L-005-A,transition-1,agent,True,True,True,True,True,False,True,True
FORMAL-V-012,V,A,bound,FORMAL-V-012-A,transition-1,agent,True,True,True,True,True,False,True,True
FORMAL-V-012,V,A,context,FORMAL-V-012-A,transition-1,agent,True,True,True,True,True,False,True,True
FORMAL-N-008,N,A,bound,FORMAL-N-008-A,transition-1,agent,True,True,True,True,True,False,True,True
FORMAL-N-008,N,A,context,FORMAL-N-008-A,transition-1,agent,True,True,True,True,True,False,True,True
FORMAL-R-003,R,A,context,FORMAL-R-003-A,transition-1,agent,True,True,True,True,True,False,True,True
FORMAL-R-003,R,A,bound,FORMAL-R-003-A,transition-1,agent,True,True,True,True,True,False,True,True
FORMAL-N-015,N,A,bound,FORMAL-N-015-A,transition-1,agent,True,True,True,True,True,False,True,True
FORMAL-N-015,N,A,context,FORMAL-N-015-A,transition-1,agent,True,True,True,True,True,False,True,True
FORMAL-L-025,L,A,bound,FORMAL-L-025-A,transition-1,agent,True,True,True,True,True,False,True,True
FORMAL-L-025,L,A,context,FORMAL-L-025-A,transition-1,agent,True,True,True,True,True,False,True,True
FORMAL-L-031,L,A,bound,FORMAL-L-031-A,transition-1,agent,True,True,True,True,True,False,True,True
FORMAL-L-031,L,A,context,FORMAL-L-031-A,transition-1,agent,True,True,True,True,True,False,True,True
FORMAL-G-013,G,A,bound,FORMAL-G-013-A,transition-1,agent,True,True,True,True,True,False,True,True
FORMAL-G-013,G,A,context,FORMAL-G-013-A,transition-1,harness_handoff,True,True,False,True,False,True,True,True
FORMAL-V-009,V,A,context,FORMAL-V-009-A,transition-1,agent,True,True,True,True,True,False,True,True
FORMAL-V-009,V,A,bound,FORMAL-V-009-A,transition-1,agent,True,True,True,True,True,False,True,True
